<?xml version="1.0" encoding="UTF-8"?>
<addon id="plugin.video.orftvthek" name="ORF TVthek" version="0.3.0" provider-name="sofaking">
    <requires>
        <import addon="xbmc.python" version="2.1.0"/>
        <import addon="script.module.parsedom" version="0.9.1"/>
		<import addon="script.common.plugin.cache" version="0.9.1"/>
    </requires>
    <extension point="xbmc.python.pluginsource" library="default.py">
        <provides>video</provides>
    </extension>
    <extension point="xbmc.addon.metadata">
        <platform>all</platform>
        <language>de en</language>
        <summary lang="de">ORF TVthek</summary>
        <summary lang="en">ORF TVthek</summary>
        <language>de</language>
        <description lang="de">ORF TVthek - Ermöglicht Ihnen den Zugriff auf die ORF TVthek Video Platform</description>
        <description lang="en">ORF TVthek - This plugin provides access to the Austrian "ORF TVthek"</description>
        <license>GNU GENERAL PUBLIC LICENSE. Version 2, June 1991</license>
        <email>sofaking@gettingmoney.at</email>
        <website>http://nem0.lowfidelity.at</website>
        <source>http://github.com/s0faking/plugin.video.orftvthek</source>
    </extension>
</addon>
