<?xml version="1.0" encoding="UTF-8"?>
<addon id="plugin.video.filmehd.net" provider-name="The[COLOR tan]Highway[/COLOR]" 
       version="1.0.1" name="FilmeHD.net" >
  <requires>
  	<import addon="xbmc.python" version="2.1.0"/>
  	<import addon="script.module.urlresolver"  />
  	<import addon="script.module.metahandler"  />
  	<import addon="script.module.addon.common" />
  </requires>
  <extension point="xbmc.python.pluginsource" library="default.py">
  	<provides>video</provides>
  </extension>
  <extension point="xbmc.addon.metadata">
  	<summary>FILME ONLINE GRATIS, SUBTITRATE IN LIMBA ROMANA!</summary>
  	<summary lang="en">MOVIES ONLINE FREE, SUBTITLED IN ROMAINIAN!</summary>
  	<summary lang="ro">FILME ONLINE GRATIS, SUBTITRATE IN LIMBA ROMANA!</summary>
  	<description>Video Addon for FilmeHD.net that has Romanian Subtitles.  The development of this add-on was sponsored by dotSmart Media Player.     </description>
  	<description lang="en">Video Addon for FilmeHD.net that has Romanian Subtitles.  The development of this add-on was sponsored by dotSmart Media Player.</description>
  	<description lang="ro">Addon video pentru filmehd.net cu subtitrare in limba romana.  Dezvoltarea acestui add-on a fost sponsorizata de catre dotSmart Media Player.</description>
  	<disclaimer>This Project is developped for XBMC Gotham 13.0 RC1, designed for XBMC Gotham originally, with some mind given to Frodo 12.2/12.3. It gets a slight bit of testing as I use it myself, on a Windows 7 OS with whatever version of XBMC happens to be my main install at that time. Any other OS's / builds of XBMC have not be tested on yet, but do feel free to try and test it out on them. Some parts of this addon may not be legal in your country of residence - please check with your local laws before installing. I take no responsibility for any problems this plugin might in any way, form, shape or size cause. This is project is for a LEARNING EXPERIANCE.</disclaimer>
  	<disclaimer lang="en">This Project is developped for XBMC Gotham 13.0 RC1, designed for XBMC Gotham originally, with some mind given to Frodo 12.2/12.3. It gets a slight bit of testing as I use it myself, on a Windows 7 OS with whatever version of XBMC happens to be my main install at that time. Any other OS's / builds of XBMC have not be tested on yet, but do feel free to try and test it out on them. Some parts of this addon may not be legal in your country of residence - please check with your local laws before installing. I take no responsibility for any problems this plugin might in any way, form, shape or size cause. This is project is for a LEARNING EXPERIANCE.</disclaimer>
  	<disclaimer lang="ro">This Project is developped for XBMC Gotham 13.0 RC1, designed for XBMC Gotham originally, with some mind given to Frodo 12.2/12.3. It gets a slight bit of testing as I use it myself, on a Windows 7 OS with whatever version of XBMC happens to be my main install at that time. Any other OS's / builds of XBMC have not be tested on yet, but do feel free to try and test it out on them. Some parts of this addon may not be legal in your country of residence - please check with your local laws before installing. I take no responsibility for any problems this plugin might in any way, form, shape or size cause. This is project is for a LEARNING EXPERIANCE.</disclaimer>
  	<language>ro en</language>
  	<platform>all</platform>
    <forum>http://www.xbmchub.com/forums/thehighways-xbmc-addons/</forum>
    <website>http://www.xbmchub.com/</website>
    <source>https://github.com/HIGHWAY99/</source>
    <email></email>
  </extension>
</addon>