<?xml version="1.0" encoding="UTF-8"?>
<addon id="plugin.video.pantoffel_tv" name="Pantoffel.tv" version="2.0.1" provider-name="AddonScriptorDE">
    <requires>
        <import addon="xbmc.python" version="2.1.0"/>
    </requires>
    <extension point="xbmc.python.pluginsource" library="default.py">
        <provides>video</provides>
    </extension>
    <extension point="xbmc.addon.metadata">
        <platform>all</platform>
        <summary lang="de">Pantoffel-TV Magazin schauen</summary>
        <summary lang="en">Watch Pantoffel-TV magazine</summary>
        <language>de</language>
        <description lang="de">Pantoffel-TV Magazin schauen</description>
        <description lang="en">Watch Pantoffel-TV magazine</description>
        <website></website>
        <source>https://github.com/AddonScriptorDE/plugin.video.pantoffel_tv</source>
        <forum>http://forum.xbmc.org/showthread.php?tid=132563</forum>
        <email>AddonScriptorDE at yahoo dot de</email>
    </extension>
</addon>
