<?xml version="1.0" encoding="UTF-8" standalone="yes"?>
<addon id="plugin.video.mediacorp"
       name="Mediacorp TV Singapore"
       version="1.1.5"
       provider-name="t1m">
  <requires>
    <import addon="xbmc.python" version="2.1.0"/>
    <import addon="script.module.pyamf" version="0.6.2"/>
  </requires>
  <extension point="xbmc.python.pluginsource"
            library="default.py">
        <provides>video</provides>
  </extension>
  <extension point="xbmc.addon.metadata">
    <summary lang="en">Mediacorp TV Singapore</summary>
    <description lang="en">Plays TV Catch-up for Mediacorp channels 5,8,Channel U,Suria,Okto and Vasantham. To display chinese titles correctly, choose Arial Font under Settings-Appearance-Skin-Font</description>
    <disclaimer lang="en">Feel free to use this script. For information visit the wiki.</disclaimer>
    <platform>all</platform>
    <language>en</language>
    <license>GNU GENERAL PUBLIC LICENSE. Version 2, June 1991</license>
    <forum>http://forum.xbmc.org/showthread.php?tid=173754</forum>
    <website>http://xin.msn.com/en-sg/video/catchup/</website>
    <email></email>
    <source>https://github.com/learningit/plugin.video.mediacorp</source>
  </extension>
</addon>
