<?xml version="1.0" encoding="UTF-8" standalone="yes"?>
<addon id="plugin.video.wiseguys.videoblog"
	   name="WiseGuys Videoblog"
	   version="0.5"
	   provider-name="t0mcat">
  <requires>
    <import addon="xbmc.python" version="2.0"/>
  </requires>
  <extension point="xbmc.python.pluginsource"
			 library="default.py">
    	<provides>video</provides>
  </extension>
  <extension point="xbmc.addon.metadata">
    <summary>Wise Guys Videoblog</summary>
    <description>The WiseGuys are a german a-capella group who makes music they call "Vocal-Pop". This Addon is for showing their VideoBlog in XBMC

	http://www.wiseguys.de

	(This is my very first XBMC - plugin and my very first programming in python, so please be gentle ;) )
    </description>
    <platform>all</platform>
  </extension>
</addon>
