<?xml version="1.0" encoding="UTF-8" standalone="yes"?>
<addon id="plugin.video.abcradionational" name="RNTV - Radio National TV" version="1.0.4" provider-name="Damon Toumbourou">
  <requires>
    <import addon="xbmc.python" version="2.1.0"/>
    <import addon="script.module.xbmcswift2" version="2.4.0"/>
    <import addon="script.module.beautifulsoup" version="3.0.8"/>
    <import addon="script.module.requests" version="1.1.0"/>
  </requires>
  <extension point="xbmc.python.pluginsource" library="addon.py">
    <provides>video</provides>
  </extension>
  <extension point="xbmc.addon.metadata">
    <platform>all</platform>
    <language></language>
    <summary lang="en">Stream video content avaliable from ABC Radio National TV - RNTV.
    </summary>
    <description lang="en">With 60 distinct programs each week, the Australian Broadcasting Corporation's Radio National is unique. It has become known as the Ideas Network, where people can hear the latest in science, books and publishing, religion, social history, the arts and current affairs. Most programs are podcast, and many are transcribed. There's a growing archive of past programs in transcript and downloadable audio format, free on our website. All programs are thoroughly researched and lovingly presented by some of Australia's leading broadcasters.
    </description>
    <license>The MIT License (MIT)</license>
    <forum>http://forum.xbmc.org/showthread.php?tid=184904</forum>
    <email>dtoumbourou@gmail.com</email>
    <source>https://github.com/DamonToumbourou/plugin.video.abcradionational.git</source>
    <website></website>
  </extension>
</addon>
