<?xml version="1.0" encoding="UTF-8" standalone="yes"?>
<addon id="service.subtitles.subtitles.gr" name="Subtitles.gr" version="1.1.0" provider-name="lambda">
	<requires>
		<import addon="xbmc.python" version="2.14.0"/>
		<import addon="script.module.parsedom" version="0.9.1"/>
		<import addon="script.module.metahandler"/>
		<import addon="script.module.urlresolver"/>
	</requires>
	<extension point="xbmc.subtitle.module" library="service.py">
	</extension>
	<extension point="xbmc.addon.metadata">
		<summary lang="en">Subtitles.gr</summary>
		<description lang="en">Search and download subtitles from subtitles.gr, xsubs.tv and subz.blog-spot.gr</description>
		<disclaimer lang="en">This service is only for Greek subtitles</disclaimer>
		<description lang="el">Εύρεση και λήψη υποτίτλων από τα subtitles.gr, xsubs.tv και subz.blog-spot.gr</description>
		<disclaimer lang="el">Υπηρεσία μόνο ελληνικών υποτίτλων</disclaimer>
		<license>GNU GENERAL PUBLIC LICENSE. Version 3, 29 June 2007</license>
		<source>https://github.com/lambda81/service.subtitles.subtitles.gr</source>
		<website>http://www.subtitles.gr/</website>
		<platform>all</platform>
		<language>el</language>
	</extension>
</addon>