<?xml version="1.0" encoding="UTF-8" standalone="yes"?>
<addon id="service.subtitles.itasa"
       name="italiansubs.net"
       version="1.0.2"
       provider-name="phate89">
  <requires>
    <import addon="xbmc.python" version="2.14.0"/>
	<import addon="script.module.simplejson" version="2.0.10"/>
  </requires>
  <extension point="xbmc.subtitle.module"
             library="service.py" />
  <extension point="xbmc.addon.metadata">
    <summary lang="en">ItaSA subtitle addon</summary>
    <description lang="en">Find and download subtitles from italiansubs.net</description>
    <disclaimer lang="en">Feel free to use this script. For information visit the forum.</disclaimer>
    <summary lang="it">Addon sottotitoli ItaSA</summary>
    <description lang="it">Trova e scarica sottotitoli da italiansubs.net</description>
    <disclaimer lang="it">Sentitevi liberi di usare questo script. Per informazioni visitate il forum.</disclaimer>
	<language>it</language>
    <platform>all</platform>
    <license>GNU GENERAL PUBLIC LICENSE. Version 2, June 1991</license>
    <forum>http://forum.xbmc.org/showthread.php?tid=188074</forum>
    <website>http://www.italiansubs.net/forum/itasanews/xbmc-itasa-subtitle-downloader/</website>
    <email></email>
    <source>https://github.com/phate89/service.subtitles.itasa</source> 
  </extension>
</addon>
