<?xml version="1.0" encoding="UTF-8" standalone="yes"?>
<addon id="service.subtitles.napiprojekt"
       name="Napiprojekt.pl"
       version="1.0.2"
       provider-name="CaTz">
    <requires>
        <import addon="xbmc.python" version="2.14.0"/>
    </requires>
    <extension point="xbmc.subtitle.module" library="service.py"/>
    <extension point="xbmc.addon.metadata">
		<summary lang="en">Napiprojekt.pl</summary>
		<description lang="en">Search and Download subtitles from napiprojekt.pl.</description>
		<source>https://github.com/CaTzil/service.subtitles.napiprojekt</source>
		<language></language>
		<email></email>
		<forum></forum>
		<website></website>
		<license>GNU GENERAL PUBLIC LICENSE. Version 2, June 1991</license>
    </extension>
</addon>
