<?xml version="1.0" ?>
<channels xmlns="http://xsd.rieter.net/net.rieter.xot/channels">
    <!--channel>
        <guid>C2FB7F24-C5B5-11DF-A324-616DDFD72085</guid>
        <name>Uitzendinggemist.nl</name>
        <description>Uitzendingen van de publieke zenders</description>
        <icon>uzglarge.png</icon>
        <category>National</category>
        <channelcode>uzg</channelcode>
        <sortorder>0</sortorder>
        <language>nl</language>
        <compatible>Environments.All</compatible>
        <message>XOT gaat altijd akkoord met het plaatsen van cookies|door de uitzendinggemist.nl website. Wilt u dit niet, dan|moet u dit kanaal niet langer gebruiken binnen XOT.</message>
        <fanart>nosfanart.jpg</fanart>
    </channel-->

    <channel>
        <guid>ED8FDB9C-3870-11E2-B1C2-192A6288709B</guid>
        <name>Uitzendinggemist (NPO.nl)</name>
        <description>Uitzendingen van de publieke zenders beschikbaar op mobiele devices.</description>
        <icon>uzglarge.png</icon>
        <category>National</category>
        <channelcode>uzgjson</channelcode>
        <sortorder>0</sortorder>
        <language>nl</language>
        <compatible>Environments.All</compatible>
        <!--<fanart>nosfanart.jpg</fanart>-->
    </channel>
    
    <!--channel>
        <guid>F56E3AF0-2D9C-11E1-8F76-94484824019B</guid>
        <name>Z@pp</name>
        <description>Uitzendingen van Z@pp</description>
        <icon>zapplarge.png</icon>
        <category>Kids</category>
        <channelcode>zapp</channelcode>
        <sortorder>10</sortorder>
        <language>nl</language>
        <compatible>Environments.All</compatible>
    </channel-->

    <!--channel>
        <guid>F67D4C1A-2D9C-11E1-8D9C-98484824019B</guid>
        <name>Z@ppelin</name>
        <description>Uitzendingen van Z@ppelin</description>
        <icon>zappelinlarge.png</icon>
        <category>Kids</category>
        <channelcode>zappelin</channelcode>
        <sortorder>10</sortorder>
        <language>nl</language>
        <compatible>Environments.All</compatible>
    </channel-->
</channels>