<parserConfig>
	<GameGrammar type="multiline">
		<SkippableContent closeStmnt="true" skipTo="&lt;div class=&quot;thumbnailContainer&quot;&gt;" ></SkippableContent>
		<SkippableContent closeStmnt="true">&lt;div class=&quot;thumbnailContainer&quot;&gt;</SkippableContent>
		<SkippableContent closeStmnt="true" skipTo="&lt;a href=&quot;" ></SkippableContent>
		<SkippableContent closeStmnt="true">&lt;a href=&quot;</SkippableContent>
		<url closeStmnt="true" skipTo="&quot;" appendResultTo="http://www.mobygames.com"></url>
	</GameGrammar>
</parserConfig>