<?xml version="1.0" encoding="UTF-8" standalone="yes"?>
<addon id="plugin.video.rtlxl" name="RTLxl" provider-name="Bas Magré (Opvolger)" version="1.1.0">
  <requires>
    <import addon="xbmc.python" version="2.1.0" />
    <import addon="script.module.xbmcswift2" version="2.4.0" />
  </requires>
  <extension library="addon.py" point="xbmc.python.pluginsource">
    <provides>video</provides>
  </extension>
  <extension point="xbmc.addon.metadata">
    <license>GNU GENERAL PUBLIC LICENSE. Version 3, June 2007</license>
    <forum></forum>
    <website>https://bitbucket.org/Opvolger</website>
    <email>Opvolger at gmail dot com</email>
    <language>nl</language>
    <platform>all</platform>
    <source>https://bitbucket.org/Opvolger/plugin.video.rtlxl/</source>
    <summary lang="en">RTLxl - Watch free RTLxl</summary>
    <summary lang="nl">RTLxl - Bekijk RTLxl</summary>
    <description lang="en">Dutch RTLxl videos RTL4 / RTL5 / RTL8</description>
    <description lang="nl">RTLxl videos van RTL4 / RTL5 / RTL8</description>
  </extension>
</addon>
