<?xml version="1.0" ?>
<channels xmlns="http://xsd.rieter.net/net.rieter.xot/channels">
    <channel>
        <guid>9EC8F612-2EA4-11DE-867C-B84656D89593</guid>
        <name>TV3 Play (Sverige)</name>
        <description>Sändningar från TV3Play.se</description>
        <icon>tv3selarge.png</icon>
        <category>National</category>
        <channelcode>se3</channelcode>
        <sortorder>103</sortorder>
        <language>se</language>
    </channel>
    
    <!--channel>
        <guid>5B5052B8-9206-11E1-AF87-64BEBBE59B18</guid>
        <name>TV3.dk</name>
        <description>Sändningar från TV3.dk</description>
        <icon>tv3nolarge.png</icon>
        <category>National</category>
        <channelcode>tv3dk</channelcode>
        <sortorder>114</sortorder>
        <language>dk</language>
    </channel-->
    
    <channel>
        <guid>45527F0C-91FE-11E1-942B-5AB5BBE59B18</guid>
        <name>TV3 Play (Eesti)</name>
        <description>TV3Play.ee episoodid</description>
        <icon>tv3nolarge.png</icon>
        <category>National</category>
        <channelcode>tv3ee</channelcode>
        <sortorder>113</sortorder>
        <language>ee</language>
    </channel>

    <channel>
        <guid>82D73241-284B-4326-9E32-AFEF3C439951</guid>
        <name>TV6 Play (Eesti)</name>
        <description>TV6Play.ee episoodid</description>
        <icon>tv6selarge.png</icon>
        <category>National</category>
        <channelcode>tv6ee</channelcode>
        <sortorder>113</sortorder>
        <language>ee</language>
    </channel>

    <channel>
        <guid>FB34E1F0-2930-11DE-A339-255856D89593</guid>
        <name>TV6 Play (Sverige)</name>
        <description>Sändningar från TV6Play.se</description>
        <icon>tv6selarge.png</icon>
        <category>National</category>
        <channelcode>se6</channelcode>
        <sortorder>106</sortorder>
        <language>se</language>
    </channel>
    
    <channel>
        <guid>BDC1A5C5-2777-4D05-BB5B-742A88B89CC5</guid>
        <name>TV8 Play (Sverige)</name>
        <description>Sändningar från TV8Play.se</description>
        <icon>tv8selarge.png</icon>
        <category>National</category>
        <channelcode>se8</channelcode>
        <sortorder>106</sortorder>
        <language>se</language>
    </channel>
    
    <channel>
        <guid>584E7420-2867-11E3-AA01-F2806188709B</guid>
        <name>TV10 Play</name>
        <description>Sändningar från TV10Play.se</description>
        <icon>tv10selarge.png</icon>
        <category>National</category>
        <channelcode>se10</channelcode>
        <sortorder>108</sortorder>
        <language>se</language>
    </channel>
    
    <channel>
        <guid>7FEDC7EA-2281-11E0-8F30-67B5DFD72085</guid>
        <name>TV3 Play (Lietuva)</name>
        <description>TV3Play.lt web.tv</description>
        <icon>tv3ltlarge.png</icon>
        <category>National</category>
        <channelcode>tv3lt</channelcode>
        <sortorder>110</sortorder>
        <language>lt</language>
    </channel>

    <channel>
        <guid>49A02D20-2283-11E0-8771-2AB7DFD72085</guid>
        <name>TV6 Play (Lietuva)</name>
        <description>TV6Play.lt web.tv</description>
        <icon>tv6ltlarge.png</icon>
        <category>National</category>
        <channelcode>tv6lt</channelcode>
        <sortorder>111</sortorder>
        <language>lt</language>
        <compatible>Environments.All</compatible>
    </channel>

    <channel>
        <guid>1F41C7FB-D3EC-4C4A-84BD-E063A8F6FFAD</guid>
        <name>TV8 Play (Lietuva)</name>
        <description>TV8Play.lt web.tv</description>
        <icon>tv8selarge.png</icon>
        <category>National</category>
        <channelcode>tv8lt</channelcode>
        <sortorder>111</sortorder>
        <language>lt</language>
    </channel>

    <channel>
        <guid>8D9FBD00-2284-11E0-8957-55B8DFD72085</guid>
        <name>TV3 Play (Latvija)</name>
        <description>Sändningar från TV3Play.lv</description>
        <icon>tv3lvlarge.png</icon>
        <category>National</category>
        <channelcode>se3lv</channelcode>
        <sortorder>112</sortorder>
        <language>lv</language>
    </channel>
    
    <channel>
        <guid>89673FF0-5EF3-11E0-8CC9-494DDFD72085</guid>
        <name>TV3 Play (Norge)</name>
        <description>Sendninger fra TV3Play.no</description>
        <icon>tv3nolarge.png</icon>
        <category>National</category>
        <channelcode>no3</channelcode>
        <sortorder>91</sortorder>
        <language>no</language>
    </channel>
    
    <channel>
        <guid>90DD5C88-5EF3-11E0-93A2-4D4DDFD72085</guid>
        <name>Viasat4 (Norge)</name>
        <description>Sendninger fra Viasat4.no</description>
        <icon>viasat4nolarge.png</icon>
        <category>National</category>
        <channelcode>no4</channelcode>
        <sortorder>92</sortorder>
        <language>no</language>
    </channel>

    <channel>
        <guid>3CD2662C-3C7A-4217-8375-079B2D850F27</guid>
        <name>TV6 Play (Norge)</name>
        <description>Sendninger fra tv6play.no</description>
        <icon>tv6seimage.png</icon>
        <category>National</category>
        <channelcode>no6</channelcode>
        <sortorder>92</sortorder>
        <language>no</language>
    </channel>
</channels>