<?xml version="1.0" encoding="UTF-8"?>
<addon id="plugin.video.sevenload_de" name="SevenLoad.de" version="2.0.4" provider-name="AddonScriptorDE">
    <requires>
        <import addon="xbmc.python" version="2.1.0"/>
    </requires>
    <extension point="xbmc.python.pluginsource" library="default.py">
        <provides>video</provides>
    </extension>
    <extension point="xbmc.addon.metadata">
        <platform>all</platform>
        <summary lang="de">Videos auf SevenLoad.de</summary>
        <summary lang="en">Videos from SevenLoad.de</summary>
        <language>de</language>
        <description lang="de">Videos auf SevenLoad.de</description>
        <description lang="en">Videos from SevenLoad.de</description>
    </extension>
</addon>
