<?xml version='1.0' encoding='UTF-8' standalone='yes'?>
<addon id='plugin.video.9gagtv' version='0.1.0' name='9GAG TV' provider-name='StateOfTheArt'>
  <requires>
    <import addon='xbmc.python' version='2.1.0'/>
    <import addon='script.module.simplejson' version='2.0.10'/>
    <import addon="script.module.xbmcswift2" version="1.2.0"/>
    <import addon="plugin.video.youtube" version="3.1.0" />
  </requires>
  <extension point='xbmc.python.pluginsource' library='default.py'>
        <provides>video</provides>
  </extension>
  <extension point='xbmc.addon.metadata'>
    <platform>all</platform>
    <language>en</language>
    <license>GNU GENERAL PUBLIC LICENSE Version 3, 29 June 2007</license>
    <summary lang='de'>9Gag TV video plugin</summary>
    <description lang='de'>Täglich neue Videos</description>
    <summary lang='en'>9Gag TV video plugin</summary>
    <description lang='en'>Daily playlists worth watching</description>
  </extension>
</addon>
