<?xml version="1.0" encoding="UTF-8" standalone="yes"?>
<addon id="script.module.t0mus.common" name="t0mus common libraries" version="1.1.1" provider-name="t0mus">
  <requires>
    <import addon="xbmc.python" version="2.0" />
    <import addon="script.module.beautifulsoup" version="3.2.0"/>
  </requires>
  <extension point="xbmc.python.module" library="lib" />
  <extension point="xbmc.addon.metadata">
    <platform>all</platform>
    <summary lang="en">Libraries common to plugins from t0mus repository</summary>
    <description lang="en">Libraries common to plugins from t0mus repository</description>
  </extension>
</addon>
