<?xml version="1.0" encoding="UTF-8"?><scraper framework="11" date="2014-09-16" name="MoviePlayer.it" content="movies" language="en">
	<NfoUrl dest="3">
		<RegExp input="$$1" output="&lt;url&gt;\1&lt;/url&gt;" dest="3">
			<expression trim="1" noclean="1">(http://www\.movieplayer\.it/film/[^_]+_[0-9]+/)</expression>
		</RegExp>
	</NfoUrl>
	<CreateSearchUrl dest="3">
		<RegExp conditional="!Bing" input="$$1" output="&lt;url&gt;http://www.movieplayer.it/ricerca/?t=film&amp;q=\1&lt;/url&gt;" dest="3">
			<!--RegExp conditional="Year" input="$$2" output="%20(\1)" dest="4">
				<expression clear="yes">(.+)</expression>
			</RegExp-->
			<expression noclean="1" />
		</RegExp>
		<RegExp conditional="Bing" input="$$1" output="&lt;url&gt;http://it.bing.com/search?q=&quot;\1$$4&quot;+site%3Amovieplayer.it%2Ffilm%2F+-site%3Amovieplayer.it%2Ffilm%2Fnews%2F+-site%3Amovieplayer.it%2Ffilm%2Farticoli%2F+-site%3Amovieplayer.it%2Ffilm%2Fprossimamente%2F+-site%3Amovieplayer.it%2Ffilm%2Fboxoffice%2F&amp;count=$INFO[count]&lt;/url&gt;" dest="3">
			<RegExp conditional="Year" input="$$2" output="%20(film+\1)" dest="4">
				<expression clear="yes">(.+)</expression>
			</RegExp>
			<expression noclean="1" />
		</RegExp>
	</CreateSearchUrl>
	<GetSearchResults dest="8">
		<RegExp conditional="!Bing" input="$$7" output="&lt;?xml version=&quot;1.0&quot; encoding=&quot;iso-8859-1&quot; standalone=&quot;yes&quot;?&gt;&lt;results&gt;\1&lt;/results&gt;" dest="8">
			<RegExp input="$$1" output="&lt;entity&gt;&lt;title&gt;\2 \3&lt;/title&gt;&lt;url cache=&quot;MoviePlayerPage.html&quot; spoof=&quot;http://www.movieplayer.it/film/\1/&quot;&lt;/url&gt;&lt;id&gt;\1&lt;/id&gt;&lt;/entity&gt;" dest="7">
				<expression repeat="yes">&lt;a href="/film/([^/]*)/"&gt;([^&lt;]*)&lt;/a&gt;&lt;/h2&gt;.+?&lt;span class="search-results-result-date"&gt;.+?([0-9]+)&lt;/span&gt;</expression>
			</RegExp>
			<expression clear="yes" trim="1" noclean="1" />
		</RegExp>
		<RegExp conditional="Bing" input="$$7" output="&lt;?xml version=&quot;1.0&quot; encoding=&quot;iso-8859-1&quot; standalone=&quot;yes&quot;?&gt;&lt;results sorted=&quot;yes&quot;&gt;\1&lt;/results&gt;" dest="8">
			<RegExp input="$$1" output="&lt;entity&gt;&lt;title&gt;\3 (\4)&lt;/title&gt;&lt;url cache=&quot;MoviePlayerPage.html&quot; spoof=&quot;http://www.movieplayer.it/film/\1_\2/&quot;&gt;http://www.movieplayer.it/film/\1_\2/&lt;/url&gt;&lt;id&gt;\1&lt;/id&gt;&lt;/entity&gt;" dest="7">
				<expression repeat="yes">http://(?:www\.)?movieplayer\.it/film/([^_]*)_([0-9]+)/"[^&gt;]+>(.+?)\s*-\s*film\s*([0-9]+)</expression>
			</RegExp>
			<expression clear="yes" trim="1" noclean="1" />
		</RegExp>
	</GetSearchResults>
	<GetDetails dest="3">
		<RegExp input="$$13" output="&lt;details&gt;\1&lt;/details&gt;" dest="3">
			<!--Title-->
			<RegExp input="$$1" output="&lt;title&gt;\1&lt;/title&gt;" dest="13">
				<!-- HTML da matchare: 
					<h1 itemprop="name">nomefilm</h1>
				-->
				<expression trim="1" noclean="1">&lt;h1 itemprop="name"&gt;([^&lt;]+)&lt;/h1&gt;</expression>
			</RegExp>

			<!--Year-->
			<RegExp input="$$1" output="&lt;year&gt;\1&lt;/year&gt;" dest="13+">
				<!-- HTML da matchare: 
					<h1 itemprop="name">nomefilm</h1>
					<p>anno, genere</p>
				-->
				<expression trim="1" noclean="1">&lt;h1 itemprop="name"&gt;[^&lt;]+&lt;/h1&gt;\s*&lt;p&gt;([0-9]+)</expression>
			</RegExp>

			<!--Original title-->
			<RegExp input="$$4" output="&lt;originaltitle&gt;\1&lt;/originaltitle&gt;" dest="13+">

				<!--Uso il titolo in italiano-->
				<RegExp input="$$1" output="\1" dest="4">
					<expression trim="1" noclean="1">&lt;h1 itemprop="name"&gt;([^&lt;]+)&lt;/h1&gt;</expression>
				</RegExp>

				<!--Provo ad ottenere il titolo originale da MoviePlayer-->
				<RegExp input="$$1" output="\1" dest="3">
					<!-- HTML da matchare: 
						<span class="film-extra-info-label">Titolo originale:</span>
						<span class="film-extra-info-value">nomefilmoriginale</span>
					-->
					<expression cs="true" clear="yes" noclean="1">&lt;span class="film-extra-info-label"&gt;Titolo originale:&lt;/span&gt;\s*&lt;span class="film-extra-info-value"&gt;([^&lt;]+)&lt;/span&gt;</expression>
				</RegExp>

				<!--Se esiste il titolo originale, sovrascrivo il titolo italiano-->
				<RegExp input="$$3" output="\1" dest="4">
					<expression>(.+)</expression>
				</RegExp>

				<!-- IMDB doesn't like II or III or IV in the title, so replace them with numbers -->
				<RegExp input="$$4" output="\1 2" dest="4">
					<expression>^(.+) II$</expression>
				</RegExp>
				<RegExp input="$$4" output="\1 3" dest="4">
					<expression>^(.+) III$</expression>
				</RegExp>
				<RegExp input="$$4" output="\1 4" dest="4">
					<expression>^(.+) IV$</expression>
				</RegExp>				
				<expression noclean="1" />
			</RegExp>

			<!--IMDB details-->
			<RegExp input="$$9" output="&lt;url cache=&quot;IMDB_Search.html&quot; function=&quot;IMDBChains&quot;&gt;http://akas.imdb.com/find?q=\1&amp;s=tt&lt;/url&gt;" dest="13+">
				<RegExp input="$$13" output="\1" dest="9">
					<expression clear="yes" noclean="1" encode="1">&lt;originaltitle&gt;([^/"]*)&lt;/originaltitle&gt;</expression>
				</RegExp>
				<RegExp conditional="Year" input="$$13" output="%20(\1)" dest="9+">
					<expression>&lt;year&gt;([^/"]*)&lt;/year&gt;</expression>
				</RegExp>
				<expression />
			</RegExp>

			<!--Durata film-->
			<RegExp input="$$1" output="&lt;runtime&gt;\1&lt;/runtime&gt;" dest="13+">
				<!-- HTML da matchare: 
					<time itemprop="duration" datetime="PT102M">102 minuti</time>
				-->
				<expression trim="1" noclean="1">&lt;time itemprop="duration"[^&gt;]+&gt;([0-9]*) minuti&lt;/time&gt;</expression>
			</RegExp>

			<!--Tagline (non più presente in movieplayer?)
			<RegExp input="$$1" output="&lt;tagline&gt;\1&lt;/tagline&gt;" dest="13+">
				<expression noclean="1">&lt;span class="subheading"&gt;([^"]*)&lt;/span&gt; </expression>
			</RegExp>-->

			<!--Outline (non più presente in movieplayer?)
			<RegExp input="$$1" output="&lt;outline&gt;\1&lt;/outline&gt;" dest="13+">
				<expression noclean="1">&lt;h3&gt;Perché vederlo:&lt;/h3&gt;[^&lt;]*&lt;p&gt;([^&lt;]+)&lt;/p&gt;</expression>
			</RegExp>-->

			<!--Plot-->
			<RegExp input="$$1" output="&lt;plot&gt;\1&lt;/plot&gt;" dest="13+">
				<!-- HTML da matchare: 
					<p itemprop="description" class="expandable-text">
						descrizione
						<span class="read-more">... <a href="#">leggi tutto</a></span>
						<span class="details" style="display: none;">
							Dio, Serse; e Artemisia, la vendicativa comandante della Marina persiana.
							<span class="re-collapse"> <a href="#"></a></span>
						</span>
					</p>
				-->
				<expression noclean="1">&lt;p itemprop="description"[^&gt;]+&gt;(.+?)&lt;/p&gt;</expression>
			</RegExp>

			<!--Poster-->
			<RegExp input="$$1" output="&lt;thumb&gt;\1_jpg_600x800_crop_q85.jpg&lt;/thumb&gt;" dest="13+">
				<!-- HTML da matchare: 
					<div class="film-poster">
					   <img src-1="(max-width: 768px) http://images.movieplayer.it/t/images/2013/11/19/300-l-alba-di-un-impero-il-teaser-poster-italiano-292808_jpg_100x148_crop_q85.jpg" src-2="http://images.movieplayer.it/t/images/2013/11/19/300-l-alba-di-un-impero-il-teaser-poster-italiano-292808_jpg_191x283_crop_q85.jpg" src="http://images.movieplayer.it/t/images/2013/11/19/300-l-alba-di-un-impero-il-teaser-poster-italiano-292808_jpg_191x283_crop_q85.jpg" class="image-responsive prograsync-image prograsync-loaded" alt="" itemprop="image" style="display: inline;">
                    </div>

                    Da trasformare in: <thumb>\1_jpg_600x800_crop_q85.jpg</thumb>
                    (Movieplayer fornisce un'immagine dimensionata a seconda dell'url richiesto)
				-->
				<expression noclean="1">&lt;div class="film-poster"&gt;\s*&lt;img.+?src="([^_"]+)</expression>
			</RegExp>

			<!--Trailer-->
			<RegExp input="$$1" output="&lt;url cache=&quot;\MoviePlayerTrailer.html&quot; spoof=&quot;http://www.movieplayer.it/\1/&quot; function=&quot;GetMPTrailer&quot;&gt;http://www.movieplayer.it/\1&lt;/url&gt;" dest="13+">
				<expression>href="(?!/video/video-recensione)[^"]+"\s+data-gallery-iframe="/([^"]+)"</expression>
			</RegExp>

			<!--Posters from MoviePlayer-->
			<RegExp conditional="AltPosters" input="$$1" output="&lt;url cache=&quot;\MoviePlayerPosters.html&quot; spoof=&quot;http://www.movieplayer.it/film/\1/&quot; function=&quot;GetMPPosters&quot;&gt;http://www.movieplayer.it/film/\1/galleria/?tipologia=manifesti-e-poster&lt;/url&gt;" dest="13+">
				<expression>href="/film/([^/]*)/galleria/"</expression>
			</RegExp>

			<!--Fanart from Movieplayer-->
			<RegExp conditional="Fan" input="$$1" output="&lt;url cache=&quot;\MoviePlayerFanart.html&quot; spoof=&quot;http://www.movieplayer.it/film/\1/&quot; function=&quot;GetMPFanart&quot;&gt;http://www.movieplayer.it/film/\1/galleria/?tipologia=foto-di-scena&lt;/url&gt;" dest="13+">
				<expression>href="/film/([^/]*)/galleria/"</expression>
			</RegExp>
			<expression noclean="1" />
		</RegExp>
	</GetDetails>

	<!-- Get Trailer from MP -->
	<GetMPTrailer dest="13">
		<RegExp input="$$2" output="&lt;details&gt;\1&lt;/details&gt;" dest="13+">
			<RegExp input="$$1" output="&lt;trailer&gt;\1&lt;/trailer&gt;" dest="2">
				<!--
					HTML (JSON) da matchare:
					{ file: "http://video.movieplayer.it/trailer/2014/01/21/trailer-italiano-3-300-l-alba-di-un-impero-16653_hi.mp4", label: "720p HD", "default": true }
				-->
				<expression noclean="1">{ file: "([^"]+)", [^,]+, "default": true }</expression>
			</RegExp>
			<expression noclean="1" />
		</RegExp>
	</GetMPTrailer>

	<!-- GetPosters from MP -->
	<GetMPPosters dest="13">
		<RegExp input="$$2" output="&lt;details&gt;\1&lt;/details&gt;" dest="13+">
			<RegExp input="$$1" output="&lt;thumb preview=&quot;http://images.movieplayer.it/t/\1\2.jpg&quot;&gt;http://images.movieplayer.it/\1.jpg&lt;/thumb&gt;" dest="2">
				<expression repeat="yes" noclean="1">data-prograsync-background-image-1="\(max-width: [^)]+\) url\(http://images.movieplayer.it/t/([^_]+)(_jpg_[^\.]+)\.jpg\)"</expression>
			</RegExp>
			<expression noclean="1" />
		</RegExp>
	</GetMPPosters>

	<!-- GetFanart from MP -->
	<GetMPFanart dest="8">
		<RegExp input="$$2" output="&lt;details&gt;&lt;fanart&gt;\1&lt;/fanart&gt;&lt;/details&gt;" dest="8+">
			<RegExp input="$$1" output="&lt;thumb preview=&quot;http://images.movieplayer.it/t/\1\2.jpg&quot;&gt;http://images.movieplayer.it/\1.jpg&lt;/thumb&gt;" dest="2">
				<expression repeat="yes" noclean="1">data-prograsync-background-image-1="\(max-width: [^)]+\) url\(http://images.movieplayer.it/t/([^_]+)(_jpg_[^\.]+)\.jpg\)"</expression>
			</RegExp>
			<expression noclean="1" />
		</RegExp>
	</GetMPFanart>

	<IMDBChains dest="5">
		<RegExp input="$$6" output="&lt;details&gt;\1&lt;/details&gt;" dest="5+">
			<!--ID titolo IMDB su buffer 2-->
			<RegExp input="$$1" output="\1" dest="2">
				<expression>&lt;a href="/title/([t0-9]*)/.ref_=fn_tt_tt_1"</expression>
			</RegExp>
			<!--ID-->
			<RegExp input="$$1" output="&lt;id&gt;\1&lt;/id&gt;" dest="6+">
				<expression>&lt;a href="/title/([t0-9]*)/.ref_=fn_tt_tt_1"</expression>
			</RegExp>
			<!--IMDB rating-->
			<RegExp input="$$2" output="&lt;chain function=&quot;GetIMDBRatingById&quot;&gt;$$2&lt;/chain&gt;" dest="6+">
				<expression />
			</RegExp>
			<!--IMDB Genre-->
			<RegExp input="$$2" output="&lt;chain function=&quot;GetIMDBGenresById&quot;&gt;$$2&lt;/chain&gt;" dest="6+">
				<expression />
			</RegExp>
			<!--Cast-->
			<RegExp input="$$2" output="&lt;chain function=&quot;GetIMDBCastById&quot;&gt;$$2&lt;/chain&gt;" dest="6+">
				<expression />
			</RegExp>
			<!--Regia-->
			<RegExp input="$$2" output="&lt;chain function=&quot;GetIMDBDirectorsById&quot;&gt;$$2&lt;/chain&gt;" dest="6+">
				<expression />
			</RegExp>
			<!--IMDB top250-->
			<RegExp input="$$2" output="&lt;chain function=&quot;GetIMDBTOP250ById&quot;&gt;$$2&lt;/chain&gt;" dest="6+">
				<expression />
			</RegExp>
			<!--IMDB Studio-->
			<RegExp input="$$2" output="&lt;chain function=&quot;GetIMDBStudioById&quot;&gt;$$2&lt;/chain&gt;" dest="6+">
				<expression />
			</RegExp>
			<!--Paese di origine-->
			<RegExp input="$$2" output="&lt;chain function=&quot;GetIMDBCountryById&quot;&gt;$$2&lt;/chain&gt;" dest="6+">
				<expression />
			</RegExp>
			<!--Certificazione USA-->
			<RegExp input="$$2" output="&lt;chain function=&quot;GetIMDBUSACert&quot;&gt;$$2&lt;/chain&gt;" dest="6+">
				<expression />
			</RegExp>
			<!--Sceneggiatura-->
			<RegExp input="$$2" output="&lt;chain function=&quot;GetIMDBWritersById&quot;&gt;$$2&lt;/chain&gt;" dest="6+">
				<expression />
			</RegExp>
			<!--IMDB Thumbs-->
			<RegExp input="$$2" output="&lt;chain function=&quot;GetIMDBThumbsById&quot;&gt;$$2&lt;/chain&gt;" dest="6+">
				<expression />
			</RegExp>
			<!--Poster from TMDB-->
			<RegExp conditional="posterTMDB" input="$$2" output="&lt;chain function=&quot;GetTMDBThumbsByIdChain&quot;&gt;$$2&lt;/chain&gt;" dest="6+">
				<expression />
			</RegExp>
			<!--Fanart from TMDB-->
			<RegExp conditional="FanartTMDB" input="$$2" output="&lt;chain function=&quot;GetTMDBFanartByIdChain&quot;&gt;$$2&lt;/chain&gt;" dest="6+">
				<expression />
			</RegExp>
			<!--<RegExp input="$$2" output="&lt;url cache=&quot;$$2-main.html&quot; function=&quot;IMDBLocal&quot;&gt;www.imdb.com/title/$$2&lt;/url&gt;" dest="6+">
				<expression />
			</RegExp>-->
			<expression noclean="1" />
		</RegExp>
	</IMDBChains>
	<IMDBLocal dest="5">
		<RegExp input="$$6" output="&lt;details&gt;\1&lt;/details&gt;" dest="5+">
			<!--Durata-->
			<RegExp input="$$1" output="&lt;runtime&gt;\1&lt;/runtime&gt;" dest="6+">
				<expression trim="1">&lt;h4[^&gt;]*?&gt;Runtime:&lt;/h4&gt;[^0-9]*([0-9]+)</expression>
			</RegExp>
			<!--Country-->
			<RegExp input="$$1" output="&lt;country&gt;\1&lt;/country&gt;" dest="6+">
				<expression>"/country/[^&gt;]+&gt;([^&lt;]+)&lt;/a&gt;</expression>
			</RegExp>
			<expression noclean="1" />
		</RegExp>
	</IMDBLocal>
</scraper>
