<?xml version="1.0" encoding="UTF-8" standalone="yes"?>
<addon id="script.tvcatchup" name="TVCatchup 2.0 with EPG" version="2.1.45" provider-name="dj_gerbil and the guys at TVCatchup.">
    <requires>
        <import addon="xbmc.python" version="2.1.0"/>
        <import addon="script.module.simplejson" version="2.0.10"/>
        <import addon="script.module.elementtree" version="1.2.7"/>
	<import addon="script.module.parsedom" version="1.5.1"/>
	<import addon="script.module.t0mm0.common" version="1.1.0"/>
    </requires>
    <extension point="xbmc.python.script" library="addon.py"><provides>video</provides></extension>
    <extension point="xbmc.python.script" library="addon.py"/>
    <extension point="xbmc.service" library="service.py" start="login" />
    <extension point="xbmc.addon.metadata">
        <summary lang="en">TVCatchup EPG Addon using XMLTV listings</summary>
        <description lang="en">This plugin allows UK users to view free-to-air channels on XBMC courtesy of TVCatchup.com. Thanks go to Tommy aka twinther for the original TV Guide plugin that this is built on, James aka Jameseh for the new custom logo's, Sean aka spoyser for additional coding, ideas and testing, Karl aka tvbuncle for most of the themes and tonemapped for the new Default skin (Sorry I missed you before).</description>
    	   <disclaimer lang="en">This plugin is provided as is. Although all attempts will be made to help resolve issues, no promises can be made. Please note: You must hold a valid TV Licence and be within the UK Borders to use this plugin. Use of VPN's to attempt to bypass geo-blocking is not allowed and will be blocked. By using this plugin you are agreeing to the sites terms of service. A copy of which can be found in License.txt</disclaimer>
        <platform>all</platform>
    </extension>
</addon>
