<keymap>
  <FullscreenVideo>

    <keyboard>
      <pageup>XBMC.RunScript(special://home/addons/script.tvcatchup/change.py, PgUp)</pageup>
      <pagedown>XBMC.RunScript(special://home/addons/script.tvcatchup/change.py, PgDown)</pagedown>      

      <up>XBMC.RunScript(special://home/addons/script.tvcatchup/change.py, Up)</up>
      <down>XBMC.RunScript(special://home/addons/script.tvcatchup/change.py, Down)</down>      
      <left>XBMC.RunScript(special://home/addons/script.tvcatchup/change.py, Left)</left>
      <right>XBMC.RunScript(special://home/addons/script.tvcatchup/change.py, Right)</right>      

      <zero>XBMC.RunScript(special://home/addons/script.tvcatchup/change.py, 0)</zero>
      <one>XBMC.RunScript(special://home/addons/script.tvcatchup/change.py, 1)</one>
      <two>XBMC.RunScript(special://home/addons/script.tvcatchup/change.py, 2)</two>
      <three>XBMC.RunScript(special://home/addons/script.tvcatchup/change.py, 3)</three>
      <four>XBMC.RunScript(special://home/addons/script.tvcatchup/change.py, 4)</four>
      <five>XBMC.RunScript(special://home/addons/script.tvcatchup/change.py, 5)</five>
      <six>XBMC.RunScript(special://home/addons/script.tvcatchup/change.py, 6)</six>
      <seven>XBMC.RunScript(special://home/addons/script.tvcatchup/change.py, 7)</seven>
      <eight>XBMC.RunScript(special://home/addons/script.tvcatchup/change.py, 8)</eight>
      <nine>XBMC.RunScript(special://home/addons/script.tvcatchup/change.py, 9)</nine>

      <h>XBMC.RunScript(special://home/addons/script.tvcatchup/change.py, H)</h>
      <i>XBMC.RunScript(special://home/addons/script.tvcatchup/change.py, I)</i>
      <d mod="ctrl">XBMC.RunScript(special://home/addons/script.tvcatchup/change.py, I)</d>

      <return>XBMC.RunScript(special://home/addons/script.tvcatchup/change.py, SELECT)</return>
      <enter>XBMC.RunScript(special://home/addons/script.tvcatchup/change.py, SELECT)</enter>
    </keyboard>

    <remote>
      <up>XBMC.RunScript(special://home/addons/script.tvcatchup/change.py, Up)</up>
      <down>XBMC.RunScript(special://home/addons/script.tvcatchup/change.py, Down)</down>      
      <left>XBMC.RunScript(special://home/addons/script.tvcatchup/change.py, Left)</left>
      <right>XBMC.RunScript(special://home/addons/script.tvcatchup/change.py, Right)</right>

      <one>XBMC.RunScript(special://home/addons/script.tvcatchup/change.py, 1)</one>
      <two>XBMC.RunScript(special://home/addons/script.tvcatchup/change.py, 2)</two>
      <three>XBMC.RunScript(special://home/addons/script.tvcatchup/change.py, 3)</three>
      <four>XBMC.RunScript(special://home/addons/script.tvcatchup/change.py, 4)</four>
      <five>XBMC.RunScript(special://home/addons/script.tvcatchup/change.py, 5)</five>
      <six>XBMC.RunScript(special://home/addons/script.tvcatchup/change.py, 6)</six>
      <seven>XBMC.RunScript(special://home/addons/script.tvcatchup/change.py, 7)</seven>
      <eight>XBMC.RunScript(special://home/addons/script.tvcatchup/change.py, 8)</eight>
      <nine>XBMC.RunScript(special://home/addons/script.tvcatchup/change.py, 9)</nine>

      <pageplus>XBMC.RunScript(special://home/addons/script.tvcatchup/change.py, PgUp)</pageplus>
      <pageminus>XBMC.RunScript(special://home/addons/script.tvcatchup/change.py, PgDown)</pageminus>
      <info>XBMC.RunScript(special://home/addons/script.tvcatchup/change.py, I)</info>  

      <return>XBMC.RunScript(special://home/addons/script.tvcatchup/change.py, SELECT)</return>
      <enter>XBMC.RunScript(special://home/addons/script.tvcatchup/change.py, SELECT)</enter>    
    </remote>

    <joystick name="AppleRemote">
      <button id="1">XBMC.RunScript(special://home/addons/script.tvcatchup/change.py, Up)</button>
      <button id="2">XBMC.RunScript(special://home/addons/script.tvcatchup/change.py, Down)</button>
      <button id="3">XBMC.RunScript(special://home/addons/script.tvcatchup/change.py, Left)</button>
      <button id="4">XBMC.RunScript(special://home/addons/script.tvcatchup/change.py, Right)</button>
      <button id="8">XBMC.RunScript(special://home/addons/script.tvcatchup/change.py, X)</button>
    </joystick>

  </FullscreenVideo>

  <Global>
    <keyboard>
      <h>noop</h>      
    </keyboard>
    <mouse>
      <wheelup>VolumeUp</wheelup>
      <wheeldown>VolumeDown</wheeldown>
    </mouse>
  </Global>

</keymap>
