<?xml version="1.0" encoding="UTF-8" standalone="yes"?>
<addon id="metadata.moviemeter.nl"
       name="MovieMeter"
       version="1.2.0"
       provider-name="The_Ghost16">
  <requires>
    <import addon="xbmc.metadata" version="1.0"/>
    <import addon="metadata.common.themoviedb.org" version="1.0"/>
    <import addon="metadata.common.movieposterdb.com" version="1.0"/>
    <import addon="metadata.common.imdb.com" version="1.0"/>
    <import addon="metadata.common.hdtrailers.net" version="1.0.6"/>
  </requires>
  <extension point="xbmc.metadata.scraper.movies"
             language="nl"
             library="moviemeter.xml"/>
  <extension point="xbmc.addon.metadata">
    <summary lang="en">MovieMeter Movie Scraper</summary>
    <summary lang="hu">MovieMeter filmadat leolvasó</summary>
    <summary lang="kr">MovieMeter 영화 스크래퍼</summary>
    <summary lang="pl">Scraper filmów MovieMeter</summary>
    <summary lang="pt">Scraper de filmes MovieMeter</summary>
    <description lang="en">Download Movie information from www.moviemeter.nl</description>
    <description lang="hu">Film információk letöltése a www.moviemeter.nl webhelyről</description>
    <description lang="kr">www.moviemeter.nl 에서 영화 정보 다운로드</description>
    <description lang="pl">Pobieraj informacje o filmach z www.moviemeter.nl</description>
    <description lang="pt">Descarregar informação de filmes de www.moviemeter.nl</description>
    <platform>all</platform>
  </extension>
</addon>
