<?xml version="1.0" encoding="UTF-8" standalone="yes"?>
<addon id="metadata.tv.movieplayer.it"
       name="Movieplayer.it TV"
       version="1.0.9"
       provider-name="KoTiX">
  <requires>
    <import addon="xbmc.metadata" version="1.0"/>
  </requires>
  <extension point="xbmc.metadata.scraper.tvshows"
             language="it"
             library="movieplayertv.xml"/>
  <extension point="xbmc.addon.metadata">
    <summary lang="en">MoviePlayer TV Scraper</summary>
    <summary lang="hu">MoviePlayer TV műsor leolvasó</summary>
    <summary lang="it">MoviePlayer Serie TV Scraper</summary>
    <summary lang="kr">MoviePlayer 티비쇼 스크래퍼</summary>
    <summary lang="pl">Scraper seriali MoviePlayer</summary>
    <summary lang="pt">Scraper de séries de TV MoviePlayer </summary>
    <description lang="en">Download TVShow information from www.movieplayer.it</description>
    <description lang="hu">TV műsor információk letöltése a www.movieplayer.it-ről</description>
    <description lang="it">Scarica le informazioni delle Serie TV da www.movieplayer.it</description>
    <description lang="kr">www.movieplayer.it에서 티비쇼 정보 다운로드</description>
    <description lang="pl">Pobieraj informacje o serialach z www.movieplayer.it</description>
    <description lang="pt">Descarregar informação de filmes de www.movieplayer.it</description>
  </extension>
</addon>
