<?xml version="1.0" ?>
<channels xmlns="http://xsd.rieter.net/net.rieter.xot/channels">
    <channel>
        <guid>9B43CA5A-42F3-11DD-9D91-B6F355D89593</guid>
        <name>De Lama's</name>
        <description>Al de clips en bonus materiaal van De Lama's site</description>
        <icon>lamasiconlarge.png</icon>
        <category>Video</category>
        <channelcode>None</channelcode>
        <sortorder>255</sortorder>
        <language>nl</language>
        <compatible>Environments.NoPlatform</compatible>
    </channel>
</channels>