<?xml version="1.0" encoding="UTF-8" standalone="yes"?>
<addon id="metadata.ptgate.pt"
       name="PTGate"
        version="1.2.0"
       provider-name="apaneiro">
  <requires>
    <import addon="xbmc.metadata" version="1.0"/>
    <import addon="metadata.common.themoviedb.org" version="1.0"/>
    <import addon="metadata.common.movieposterdb.com" version="1.0"/>
    <import addon="metadata.common.imdb.com" version="1.0"/>
    <import addon="metadata.common.impa.com" version="1.0"/>
  </requires>
  <extension point="xbmc.metadata.scraper.movies"
             language="pt"
             library="ptgate.xml"/>
  <extension point="xbmc.addon.metadata">
    <summary lang="en">PtGate Movie Scraper</summary>
    <summary lang="hu">PtGate filmadat leolvasó</summary>
    <summary lang="kr">PtGate 영화 스크래퍼</summary>
    <summary lang="pl">Scraper filmów PtGate</summary>
    <summary lang="pt">Scraper de filmes PtGate</summary>
    <description lang="en">Download Movie information from cinema.ptgate.pt</description>
    <description lang="hu">Film információk letöltése a cinema.ptgate.pt webhelyről</description>
    <description lang="kr">cinema.ptgate.pt 에서 영화 정보 다운로드</description>
    <description lang="pl">Pobieraj informacje o filmach z cinema.ptgate.pt</description>
    <description lang="pt">Descarregar informação de filmes de cinema.ptgate.pt</description>
  </extension>
</addon>
