<?xml version="1.0" encoding="UTF-8" standalone="yes"?>
<addon id="metadata.mymovies.it"
       name="MyMovies.it"
       version="2.1.0"
       provider-name="muttley">
  <requires>
    <import addon="xbmc.metadata" version="2.1.0"/>
    <import addon="metadata.common.themoviedb.org" version="2.9.0"/>
    <import addon="metadata.common.imdb.com" version="2.7.0"/>
  </requires>
  <extension point="xbmc.metadata.scraper.movies"
             language="it"
             library="mymovies.xml"/>
  <extension point="xbmc.addon.metadata">
    <summary lang="it">MyMovies.it Film Scraper</summary>
    <summary lang="en">MyMovies.it Movie Scraper</summary>
    <summary lang="hu">MyMovies.it Film scraper</summary> 
    <summary lang="kr">MyMovies.it 영화 스크래퍼</summary>
    <summary lang="pt">Scraper de filmes MyMovies.it</summary>
    <description lang="it">
Riporta problemi o suggerimenti su: 
- https://code.google.com/p/mymovies-xbmc-scraper
- http://forum.xbmc.org/showthread.php?t=58141

Buona visione!
	</description>
    <description lang="en">
Report problems or suggests on: 
- https://code.google.com/p/mymovies-xbmc-scraper
- http://forum.xbmc.org/showthread.php?t=58141

Enjoy!
	</description>
    <description lang="hu">Film információk letöltése a www.mymovies.it webhelyről</description>
    <description lang="kr">MyMovies.it 에서 영화 정보 다운로드</description>
    <description lang="pt">Descarregar informação de filmes de www.mymovies.it</description>
    <disclaimer>If the scraper is very slow, disable setting tagged with "(slow)".</disclaimer>
    <license>GNU GENERAL PUBLIC LICENSE Version 3, 29 June 2007</license>
    <forum>http://forum.xbmc.org/showthread.php?t=58141</forum>
    <website>http://code.google.com/p/mymovies-xbmc-scraper/</website>
    <source>http://code.google.com/p/mymovies-xbmc-scraper/source/checkout</source>
    <platform>all</platform>
  </extension>
</addon>
