<?xml version="1.0" encoding="UTF-8"?>
<addon id="plugin.video.desitvforum" version="0.2.2" name="DesitvForum" provider-name="XBMCHub.com">
    <requires>
        <import addon="xbmc.python" version="2.1.0"/>
        <import addon="script.module.urlresolver" version="1.0.0"/>
        <import addon="script.module.t0mm0.common" version="1.1.0"/>
    </requires>
    <extension point="xbmc.python.pluginsource" library="default.py">
        <provides>video</provides>
    </extension>
    <extension point="xbmc.addon.metadata">
        <summary>Browse desitvforum</summary>
        <description>Play a wide selection of movies and TV shows from desitvforum</description>
        <platform>all</platform>
        <forum>http://www.xbmchub.com/forums/official-xbmc-hub-repo/</forum>
        <website>http://www.xbmchub.com/</website>
    </extension>
</addon>
