<?xml version="1.0" encoding="UTF-8" standalone="yes"?>
<addon id="plugin.video.xbmc-czech.cztrailery"
       name="CZTrailery.cz"
       version="0.7"
       provider-name="Tomas Pokorny">
  <requires>
    <import addon="xbmc.python" version="1.0"/>
    <import addon="script.module.xbmc-czech.common" version="1.0"/>
    <import addon="plugin.video.youtube" version="2.0.0"/>
  </requires>
  <extension point="xbmc.python.pluginsource" library="default.py">
    <provides>video</provides>
  </extension>
  <extension point="xbmc.addon.metadata">
    <platform>all</platform>
    <summary>Video plugin for CZTrailery.cz</summary>
    <summary lang="cs">Video plugin pro CZTrailery.cz</summary>
    <description>
        Plugin for playing movie trailers from http://www.cztrailery.cz
         (czech movie trailers and original trailers with czech subtitles)

        Project page (bugreport, forum, ...) on http://xbmc-czech.sf.net/
    </description>
    <description lang="cs">
        Plugin pro přehrávání filmových ukázek z webu http://www.cztrailery.cz
         (ukázky českých filmů a také ukázky cizích filmů s českými titulky)

        Stránka projektu (hlášní chyb, fórum, ...) na http://xbmc-czech.sf.net/
    </description>
  </extension>
</addon>

