<?xml version="1.0" encoding="UTF-8" standalone="yes"?>
<addon id="metadata.movieplayer.it"
       name="MoviePlayer.it"
       version="1.4.8"
       provider-name="KoTiX|Gulp">
  <requires>
    <import addon="xbmc.metadata" version="2.1.0"/>
    <import addon="metadata.common.themoviedb.org" version="2.9.3"/>
    <import addon="metadata.common.imdb.com" version="2.7.6"/>
  </requires>
  <extension point="xbmc.metadata.scraper.movies"
             language="it"
             library="movieplayer.xml"/>
  <extension point="xbmc.addon.metadata">
    <summary lang="en">MoviePlayer Movie Scraper</summary>
    <summary lang="hu">MoviePlayer Film scraper</summary> 
    <summary lang="it">MoviePlayer Film Scraper</summary>
    <summary lang="kr">MoviePlayer 영화 스크래퍼</summary>
    <summary lang="pl">Scraper filmów MoviePlayer</summary>
    <summary lang="pt">Scraper de filmes MoviePlayer</summary>
    <description lang="en">Download Movie information from www.movieplayer.it</description>
    <description lang="hu">Film információk letöltése a www.movieplayer.it webhelyről</description>
    <description lang="it">Scarica le informazioni dei film da www.movieplayer.it</description>
    <description lang="kr">www.movieplayer.it 에서 영화 정보 다운로드</description>
    <description lang="pl">Pobieraj informacje o filmach z www.movieplayer.it</description>
    <description lang="pt">Descarregar informação de filmes de www.movieplayer.it</description>
    <language></language>
    <license>GNU GENERAL PUBLIC LICENSE. Version 2, June 1991</license>
    <forum>http://forum.xbmc.org/showthread.php?tid=60585</forum>
    <website>https://github.com/KoTiX/movieplayer_film</website>
    <source>https://github.com/KoTiX/movieplayer_film</source>
    <platform>all</platform>
  </extension>
</addon>
