<?xml version="1.0" encoding="UTF-8" standalone="yes"?>
<addon id="plugin.video.nos"
       name="NOS"
       version="3.1.0"
       provider-name="ErwinJunge">
  <requires>
    <import addon="xbmc.python" version="2.14.0"/>
    <import addon="script.module.beautifulsoup" version="3.0.8"/>
  </requires>
  <extension point="xbmc.python.pluginsource"
             provides="video"
             library="default.py">
    <provides>video</provides>
  </extension>
  <extension point="xbmc.addon.metadata">
    <language>nl</language>
    <summary lang="en">Watch videos from NOS (Dutch news service)</summary>
    <summary lang="nl">Bekijk videos van de NOS</summary>
    <description lang="en">Watch videos from various NOS sites. For feature requests and bug reports: erwin@junge.nl</description>
    <description lang="nl">Bekijk videos van verscheidene NOS sites. Voor functie verzoeken en het rapporteren van bugs: erwin@junge.nl</description>
    <platform>all</platform>
    <license>GNU GENERAL PUBLIC LICENSE. Version 2, June 1991</license>
    <forum></forum>
    <website></website>
    <source>https://github.com/ErwinJunge/XBMC-plugin.video.nos</source>
    <email>erwin@junge.nl</email>
    <disclaimer></disclaimer>
  </extension>
</addon>
