<?xml version="1.0" encoding="UTF-8" standalone="yes"?>
<addon id="plugin.video.servustv" name="ServusTV - Mediathek" version="0.0.6" provider-name="dethfeet">
  <requires>
    <import addon="xbmc.python" version="2.1.0"/>
    <import addon="script.module.pyamf" version="0.6.1"/>
  </requires>
  <extension point="xbmc.python.pluginsource" library="default.py">
    <provides>video</provides>
  </extension>
  <extension point="xbmc.addon.metadata">
    <language>de</language>
    <summary lang="en">ServusTV (german television)</summary>
    <summary lang="de">ServusTV - Wir wünschen Ihnen bessere Unterhaltung.</summary>
    <description lang="en">ServusTV (german television)</description>
 	<description lang="de">Hier finden Sie Ihre Lieblingssendungen aus dem Programm von ServusTV zum immer wieder Sehen</description>
    <platform>all</platform>
    <license>GNU GENERAL PUBLIC LICENSE. Version 2, June 1991</license>
	<forum>http://www.xbmcnerds.com/index.php?page=Thread&amp;threadID=13548</forum>
	<website>https://github.com/dethfeet/plugin.video.servustv</website>
	<source>https://github.com/dethfeet/plugin.video.servustv</source>
	<email>dethfeet@qip.ru</email>
  </extension>
</addon>
