<?xml version="1.0" encoding="UTF-8" standalone="yes"?>
<addon id="script.xbmc-korea.subtitles"
       name="Korean Subtitle"
       version="1.4.4"
       provider-name="XBMC-Korea">
  <requires>
    <import addon="xbmc.python" version="2.0"/>
  </requires>
  <extension point="xbmc.python.subtitles"
             library="default.py" />
  <extension point="xbmc.addon.metadata">
    <summary lang="en">Subtitle from Korean sites</summary>
    <summary lang="ko">한국어 자막</summary>
    <description lang="en">Download a subtitle from GomTV / TokPlayer. Subtitle button on OSD needs to be activated and path set to XBMC Subtitles under System-&gt; Skin-&gt; Addon Scripts</description>
    <description lang="ko">곰티비/톡플레이어에서 해당 영상에 맞는 자막을 다운로드해서 보여줍니다. 스킨 설정에서 자막 스크립트를 지정한후 영상 재생중 메뉴에서 자막 다운로드 메뉴를 선택하면 됩니다.</description>
    <platform>all</platform>
  </extension>
</addon>
