<?xml version="1.0" encoding="utf-8"?>
<window>
	<allowoverlay>no</allowoverlay>
	<defaultcontrol always="false">4201</defaultcontrol>
	<coordinates>
		<system>1</system>
		<posx>200</posx>
		<posy>0</posy>
	</coordinates>
    <animation effect="fade" start="0" end="100" time="500">WindowOpen</animation>
    <animation effect="fade" start="100" end="0" time="500">WindowClose</animation>
    <controls>

        <control type="image">
            <posx>0</posx>
            <posy>50</posy>
            <width>880</width>
            <height>620</height>
            <texture>tvcatchup-help.png</texture>
        </control>

        <control type="label" id="4202">
            <description>Title Label</description>
            <posx>0</posx>
            <posy>60</posy>
            <width>880</width>
            <height>24</height>
            <textcolor>ffffffff</textcolor>
            <font>font13</font>
            <align>center</align>
            <aligny>center</aligny>
        </control>

	  <control type="label" id="4207">
            <description>Starts/Starting</description>
            <posx>10</posx>
            <posy>100</posy>
            <width>860</width>
            <height>24</height>
            <textcolor>ffffffff</textcolor>
            <font>font13</font>
            <align>left</align>
            <aligny>center</aligny>
        </control>

	  <control type="label" id="4209">
            <description>Ends</description>
            <posx>10</posx>
            <posy>100</posy>
            <width>860</width>
            <height>24</height>
            <textcolor>ffffffff</textcolor>
            <font>font13</font>
            <align>center</align>
            <aligny>center</aligny>
        </control>

        <control type="label" id="4210">
            <description>Genre</description>
            <posx>270</posx>
            <posy>440</posy>
            <width min="29" max="400">auto</width>
            <height>24</height>
            <textcolor>ffffffff</textcolor>
            <font>font13</font>
            <align>center</align>
            <aligny>center</aligny>
        </control>
	  <control type="label" id="4223">
            <description>Episode</description>
            <posx>270</posx>
            <posy>465</posy>
            <width min="29" max="400">auto</width>
            <height>24</height>
            <textcolor>ffffffff</textcolor>
            <font>font13</font>
            <align>center</align>
            <aligny>center</aligny>
        </control>
	  <control type="label" id="4224">
            <description>Year</description>
            <posx>270</posx>
            <posy>490</posy>
            <width min="29" max="400">auto</width>
            <height>24</height>
            <textcolor>ffffffff</textcolor>
            <font>font13</font>
            <align>center</align>
            <aligny>center</aligny>
        </control>

        <control type="label" id="4212">
            <description>Running Time</description>
            <posx>870</posx>
            <posy>100</posy>
            <width>860</width>
            <height>24</height>
            <textcolor>ffffffff</textcolor>
            <font>font13</font>
            <align>right</align>
            <aligny>center</aligny>
        </control>
        <control type="label" id="4208">
            <description>Synopsis Label</description>
            <posx>10</posx>
            <posy>140</posy>
            <width min="29" max="300">auto</width>
            <height>24</height>
            <textcolor>ffffffff</textcolor>
            <font>font13</font>
            <align>left</align>
            <aligny>center</aligny>
	    <label>Synopsis:</label>
        </control>
        <control type="textbox" id="4203">
            <description>Program Description</description>
            <posx>25</posx>
            <posy>165</posy>
            <width>830</width>
            <height>178</height>
            <textcolor>ffffffff</textcolor>
            <font>font13</font>
            <wrapmultiline>true</wrapmultiline>
            <autoscroll time="3600" delay="6000" repeat="6000">true</autoscroll>        
        </control>

        <control type="label" id="4204">
            <description>Cast Label</description>
            <posx>10</posx>
            <posy>360</posy>
            <width min="29" max="200">auto</width>
            <height>24</height>
            <textcolor>ffffffff</textcolor>
            <font>font13</font>
            <align>left</align>
            <aligny>center</aligny>
		 <label>Cast:</label>
        </control>

        <control type="textbox" id="4205">
            <description>Cast List</description>
            <posx>25</posx>
            <posy>385</posy>
            <width>480</width>
            <height>195</height>
            <textcolor>ffffffff</textcolor>
            <font>font13</font>
            <wrapmultiline>true</wrapmultiline>
            <autoscroll time="3600" delay="6000" repeat="6000">true</autoscroll>        
        </control>

        <control type="image" id="4206">
            <posx>700</posx>
            <posy>635</posy>
            <width>32</width>
            <height>32</height>
        </control>

        <control type="image" id="4213">
            <posx>50</posx>
            <posy>580</posy>
            <width>40</width>
            <height>40</height>
		 <colordiffuse>88555555</colordiffuse>
		 <texture>Premiere.png</texture>
        </control>
        <control type="image" id="4214">
            <posx>100</posx>
            <posy>580</posy>
            <width>40</width>
            <height>40</height>
		 <colordiffuse>88555555</colordiffuse>
		 <texture>BlackWhite.png</texture>
        </control>
        <control type="image" id="4215">
            <posx>150</posx>
            <posy>580</posy>
            <width>40</width>
            <height>40</height>
		 <colordiffuse>88555555</colordiffuse>
		 <texture>DeafSigned.png</texture>
        </control>
        <control type="image" id="4216">
            <posx>200</posx>
            <posy>580</posy>
            <width>40</width>
            <height>40</height>
		 <colordiffuse>88555555</colordiffuse>
		 <texture>Film.png</texture>
        </control>
        <control type="image" id="4217">
            <posx>50</posx>
            <posy>620</posy>
            <width>40</width>
            <height>40</height>
		 <colordiffuse>88555555</colordiffuse>
		 <texture>NewSeries.png</texture>
        </control>
        <control type="image" id="4218">
            <posx>100</posx>
            <posy>620</posy>
            <width>40</width>
            <height>40</height>
		 <colordiffuse>88555555</colordiffuse>
		 <texture>Repeat.png</texture>
        </control>
        <control type="image" id="4219">
            <posx>150</posx>
            <posy>620</posy>
            <width>40</width>
            <height>40</height>
		 <colordiffuse>88555555</colordiffuse>
		 <texture>Subtitles.png</texture>
        </control>
        <control type="image" id="4220">
            <posx>200</posx>
            <posy>620</posy>
            <width>40</width>
            <height>40</height>
		 <colordiffuse>88555555</colordiffuse>
		 <texture>Widescreen.png</texture>
        </control>
        <control type="image" id="4221">
            <posx>350</posx>
            <posy>360</posy>
            <width>240</width>
            <height>80</height>
            <aspectratio>keep</aspectratio>
        </control>
        <control type="button" id="4201">
            <posx>320</posx>
            <posy>610</posy>
            <width>240</width>
            <height>50</height>
            <texturefocus>blue-tvcatchup-normal-program-focus.png</texturefocus>
            <texturenofocus>blue-tvcatchup-normal-program.png</texturenofocus>
            <onup>7001</onup>
            <ondown>7001</ondown>
            <align>center</align>
            <aligny>center</aligny>
            <font>font13</font>
            <textcolor>ffffffff</textcolor>
            <label>Close</label>
        </control>

    </controls>
</window>
