<?xml version="1.0" encoding="utf-8"?>
<window type="dialog">
	<allowoverlay>no</allowoverlay>
	<coordinates>
		<posx>240</posx>
		<posy>15</posy>
	</coordinates>
    <animation effect="fade" start="0" end="100" time="500">WindowOpen</animation>
    <animation effect="fade" start="100" end="0" time="500">WindowClose</animation>
    <controls>

        <control type="image">
            <posx>0</posx>
            <posy>0</posy>
            <width>825</width>
            <height>635</height>
            <texture>tvcatchup-find.png</texture>
        </control>

        <control type="label" id="4001">
            <description>Title Label</description>
            <posx>0</posx>
            <posy>10</posy>
            <width>825</width>
            <height>24</height>
            <textcolor>ffffffff</textcolor>
            <font>font30</font>
            <align>center</align>
            <aligny>center</aligny>
            <label>Find</label>
        </control>

        <control type="textbox" id="4002">
            <description>Program Description</description>
            <posx>25</posx>
            <posy>472</posy>
            <width>750</width>
            <height>100</height>
            <textcolor>ffffffff</textcolor>
            <font>font30</font>
            <wrapmultiline>true</wrapmultiline>
            <autoscroll time="3600" delay="6000" repeat="6000">true</autoscroll>        
        </control>

        <control type="button" id="4005">
            <posx>285</posx>
            <posy>575</posy>
            <width>240</width>
            <height>50</height>
            <texturefocus>blue-tvcatchup-normal-program-focus.png</texturefocus>
            <texturenofocus>blue-tvcatchup-normal-program.png</texturenofocus>
            <align>center</align>
            <aligny>center</aligny>
            <font>font30</font>
            <textcolor>ffffffff</textcolor>
            <label>Close</label>
            <onup>4003</onup>					
    	    <ondown>4003</ondown>
            <onleft>4006</onleft>
    	    <onright>4003</onright>
        </control>

        <control type="list" id="4003">
            <description>NOTE, text colours are overidden for programs in the past (grey) or on now (green)</description>
	    <posx>4</posx>
	    <posy>50</posy>
	    <width>792</width>
	    <height>420</height>
            <pagecontrol>4006</pagecontrol>
	    <onleft>4005</onleft>
	    <onright>4006</onright>            
            <itemwidth>592</itemwidth>
            <itemheight>30</itemheight>   
            <itemlayout width="300" height="30">
                <control type="image">
		    <posx>4</posx>
		    <posy>0</posy>
		    <width>80</width>
		    <height>30</height>                                        
		    <info>ListItem.Icon</info>
		</control>
                <control type="label">
		    <posx>100</posx>
		    <posy>0</posy>
		    <width>400</width>
		    <height>30</height>
		    <font>font30</font>
                    <textcolor>FFFFFFFF</textcolor>
		    <aligny>center</aligny>		    
		    <align>left</align>
		    <info>ListItem.Label</info>
		</control>
                <control type="label">
		    <posx>780</posx>
		    <posy>0</posy>
		    <width>250</width>
		    <height>30</height>
                    <spacebetweenitems>50</spacebetweenitems>
		    <font>font30</font>
                    <textcolor>FFFFFFFF</textcolor>
	            <aligny>center</aligny>
	            <align>right</align>
	            <info>ListItem.Label2</info>
		</control>
            </itemlayout>
            <focusedlayout width="250" height="30">
                <control type="image">
		    <posx>1</posx>
		    <posy>0</posy>
		    <width>791</width>
		    <height>30</height>                                        
                    <visible>Control.HasFocus(4003)</visible>
                    <texture>blue-tvcatchup-normal-program-focus.png</texture>
		</control>
                <control type="image">
		    <posx>4</posx>
		    <posy>0</posy>
		    <width>80</width>
		    <height>30</height>                                        
		    <info>ListItem.Icon</info>
		</control>
                <control type="label">
		    <posx>100</posx>
		    <posy>0</posy>
		    <width>400</width>
		    <height>30</height>
		    <font>font30</font>
                    <textcolor>FFFFFFFF</textcolor>
		    <aligny>center</aligny>		    
		    <align>left</align>
		    <info>ListItem.Label</info>
		</control>
                <control type="label">
		    <posx>780</posx>
		    <posy>0</posy>
		    <width>250</width>
		    <height>30</height>
		    <font>font30</font>
                    <textcolor>FFFFFFFF</textcolor>
	            <aligny>center</aligny>
	            <align>right</align>
	            <info>ListItem.Label2</info>
		</control>
            </focusedlayout>
	</control>   
            <control type="scrollbar" id="4006">
	    <posx>792</posx>
	    <posy>40</posy>
	    <width>29</width>
	    <height>450</height>
	    <texturesliderbackground border="0,14,0,14">scrollbar.png</texturesliderbackground>
	    <texturesliderbar border="0,14,0,14">scrollbar_bar.png</texturesliderbar>
	    <texturesliderbarfocus border="0,14,0,14">blue-scrollbar_bar_focus.png</texturesliderbarfocus>
	    <onleft>4003</onleft>
	    <onright>4005</onright>
	    <ondown>4006</ondown>
	    <onup>4006</onup>
	    <showonepage>false</showonepage>
	    <orientation>vertical</orientation>
	</control>     
     </controls>
</window>
