<?xml version="1.0" encoding="utf-8"?>
<window>    
	<allowoverlay>no</allowoverlay>
	<coordinates>
		<system>1</system>
		<posx>0</posx>
		<posy>0</posy>
	</coordinates>
	<controls>
		<!-- Background -->
		<control type="image" id="4600">
			<posx>0</posx>
			<posy>0</posy>
			<width>1280</width>
			<height>720</height>
            <texture>lime-tvcatchup-background-default.jpg</texture>
            <fadetime>500</fadetime>
            <animation type="Conditional" condition="Control.IsVisible(5000)">
                <effect type="fade" start="100" end="0" time="500" />
            </animation>
		</control>

        <control type="image">
            <posx>0</posx>
            <posy>0</posy>
            <width>1280</width>
            <height>720</height>
            <texture>lime-tvcatchup-background.png</texture>
            <animation type="Conditional" condition="Control.IsVisible(5000)">
                <effect type="fade" start="100" end="0" time="500" />
            </animation>
        </control>

       <control type="label" id="5000">
           <description>visibility marker for TV Guide group</description>
       </control>

        <control type="group">
            <description>TV Guide group</description>
            <posx>0</posx>
            <posy>0</posy>
            <width>1280</width>
            <height>720</height>
            <visible>!Control.IsVisible(5000)</visible>

            <!-- Date and time row -->
            <control type="group">
                <posx>0</posx>
                <posy>7</posy>
                <width>1280</width>
                <height>50</height>
                <visible>true</visible>

                <control type="label" id="4000">
                    <description>Displays todays date</description>
                    <posx>0</posx>
                    <posy>0</posy>
                    <width>180</width>
                    <height>50</height>
                    <textcolor>ff000000</textcolor>
			        <shadowcolor>ff5da31a</shadowcolor>
                    <font>font13</font>
                    <align>center</align>
                    <aligny>center</aligny>
                </control>
                <control type="label" id="4001">
                    <description>1st half hour column</description>
                    <posx>180</posx>
                    <posy>0</posy>
                    <width>270</width>
                    <height>50</height>
                    <textcolor>ff000000</textcolor>
			        <shadowcolor>ff5da31a</shadowcolor>
                    <font>font13</font>
                    <aligny>center</aligny>
                </control>
                <control type="label" id="4002">
                    <description>2nd half hour column</description>
                    <posx>455</posx>
                    <posy>0</posy>
                    <width>270</width>
                    <height>50</height>
                    <textcolor>ff000000</textcolor>
			        <shadowcolor>ff5da31a</shadowcolor>
                    <font>font13</font>
                    <aligny>center</aligny>
                </control>
                <control type="label" id="4003">
                    <description>3rd half hour column</description>
                    <posx>730</posx>
                    <posy>0</posy>
                    <width>270</width>
                    <height>50</height>
                    <textcolor>ff000000</textcolor>
			        <shadowcolor>ff5da31a</shadowcolor>
                    <font>font13</font>
                    <aligny>center</aligny>
                </control>
                <control type="label" id="4004">
                    <description>4th half hour column</description>
                    <posx>1005</posx>
                    <posy>0</posy>
                    <width>270</width>
                    <height>50</height>
                    <textcolor>ff000000</textcolor>
			        <shadowcolor>ff5da31a</shadowcolor>
                    <font>font13</font>
                    <aligny>center</aligny>
                </control>
            </control>

            <!-- Channels column -->
            <control type="group">
                <posx>0</posx>
                <posy>60</posy>
                <width>180</width>
                <height>400</height>
                <visible>true</visible>

                <!-- text labels -->
                <control type="label" id="4010">
                    <description>1st channel</description>
                    <posx>30</posx>
                    <posy>0</posy>
                    <width>160</width>
                    <height>50</height>
                    <textcolor>ff000000</textcolor>
			        <shadowcolor>ff5da31a</shadowcolor>
                    <font>size18</font>
                    <align>left</align>
                    <visible>false</visible>
                </control>
                <control type="label" id="4011">
                    <description>2nd channel</description>
                    <posx>30</posx>
                    <posy>50</posy>
                    <width>160</width>
                    <height>50</height>
                    <textcolor>ff000000</textcolor>
			        <shadowcolor>ff5da31a</shadowcolor>
                    <font>size18</font>
                    <align>left</align>
                    <visible>false</visible>
                </control>
                <control type="label" id="4012">
                    <description>3rd channel</description>
                    <posx>30</posx>
                    <posy>100</posy>
                    <width>160</width>
                    <height>50</height>
                    <textcolor>ff000000</textcolor>
			        <shadowcolor>ff5da31a</shadowcolor>
                    <font>size18</font>
                    <align>left</align>
                    <visible>false</visible>
                </control>
                <control type="label" id="4013">
                    <description>4th channel</description>
                    <posx>30</posx>
                    <posy>150</posy>
                    <width>160</width>
                    <height>50</height>
                    <textcolor>ff000000</textcolor>
			        <shadowcolor>ff5da31a</shadowcolor>
                    <font>size18</font>
                    <align>left</align>
                    <visible>false</visible>
                </control>
                <control type="label" id="4014">
                    <description>5th channel</description>
                    <posx>30</posx>
                    <posy>200</posy>
                    <width>160</width>
                    <height>50</height>
                    <textcolor>ff000000</textcolor>
			        <shadowcolor>ff5da31a</shadowcolor>
                    <font>size18</font>
                    <align>left</align>
                    <visible>false</visible>
                </control>
                <control type="label" id="4015">
                    <description>6th channel</description>
                    <posx>30</posx>
                    <posy>250</posy>
                    <width>160</width>
                    <height>50</height>
                    <textcolor>ff000000</textcolor>
			        <shadowcolor>ff5da31a</shadowcolor>
                    <font>size18</font>
                    <align>left</align>
                    <visible>false</visible>
                </control>
                <control type="label" id="4016">
                    <description>7th channel</description>
                    <posx>30</posx>
                    <posy>300</posy>
                    <width>160</width>
                    <height>50</height>
                    <textcolor>ff000000</textcolor>
			        <shadowcolor>ff5da31a</shadowcolor>
                    <font>size18</font>
                    <align>left</align>
                    <visible>false</visible>
                </control>
                <control type="label" id="4017">
                    <description>8th channel</description>
                    <posx>30</posx>
                    <posy>350</posy>
                    <width>160</width>
                    <height>50</height>
                    <textcolor>ff000000</textcolor>
			        <shadowcolor>ff5da31a</shadowcolor>
                    <font>size18</font>
                    <align>left</align>
                    <visible>false</visible>
                </control>
                <control type="label" id="4018">
                    <description>9th channel</description>
                    <posx>30</posx>
                    <posy>400</posy>
                    <width>160</width>
                    <height>50</height>
                    <textcolor>ff000000</textcolor>
			        <shadowcolor>ff5da31a</shadowcolor>
                    <font>size18</font>
                    <align>left</align>
                    <visible>false</visible>
                </control>

                <!-- logo images -->
                <control type="image" id="4110">
                    <description>1st channel</description>
                    <posx>28</posx>
                    <posy>3</posy>
                    <width>125</width>
                    <height>45</height>
                    <aspectratio>keep</aspectratio>
                    <fadetime>500</fadetime>
                    <visible>true</visible>
                </control>
                <control type="image" id="4111">
                    <description>2nd channel</description>
                    <posx>28</posx>
                    <posy>53</posy>
                    <width>125</width>
                    <height>45</height>
                    <aspectratio>keep</aspectratio>
                    <fadetime>500</fadetime>
                    <visible>true</visible>
                </control>
                <control type="image" id="4112">
                    <description>3rd channel</description>
                    <posx>28</posx>
                    <posy>103</posy>
                    <width>125</width>
                    <height>45</height>
                    <aspectratio>keep</aspectratio>
                    <fadetime>500</fadetime>
                    <visible>true</visible>
                </control>
                <control type="image" id="4113">
                    <description>4th channel</description>
                    <posx>28</posx>
                    <posy>153</posy>
                    <width>125</width>
                    <height>45</height>
                    <aspectratio>keep</aspectratio>
                    <fadetime>500</fadetime>
                    <visible>true</visible>
                </control>
                <control type="image" id="4114">
                    <description>5th channel</description>
                    <posx>28</posx>
                    <posy>203</posy>
                    <width>125</width>
                    <height>45</height>
                    <aspectratio>keep</aspectratio>
                    <fadetime>500</fadetime>
                    <visible>true</visible>
                </control>
                <control type="image" id="4115">
                    <description>6th channel</description>
                    <posx>28</posx>
                    <posy>253</posy>
                    <width>125</width>
                    <height>45</height>
                    <aspectratio>keep</aspectratio>
                    <fadetime>500</fadetime>
                    <visible>true</visible>
                </control>
                <control type="image" id="4116">
                    <description>7th channel</description>
                    <posx>28</posx>
                    <posy>303</posy>
                    <width>125</width>
                    <height>45</height>
                    <aspectratio>keep</aspectratio>
                    <fadetime>500</fadetime>
                    <visible>true</visible>
                </control>
                <control type="image" id="4117">
                    <description>8th channel</description>
                    <posx>28</posx>
                    <posy>353</posy>
                    <width>125</width>
                    <height>45</height>
                    <aspectratio>keep</aspectratio>
                    <fadetime>500</fadetime>
                    <visible>true</visible>
                </control>
                <control type="image" id="4118">
                    <description>9th channel</description>
                    <posx>28</posx>
                    <posy>403</posy>
                    <width>125</width>
                    <height>45</height>
                    <aspectratio>keep</aspectratio>
                    <fadetime>500</fadetime>
                    <visible>true</visible>
                </control>
            </control>

            <control type="label" id="4020">
                <description>Program title</description>
                <posx>35</posx>
                <posy>525</posy>
                <width>470</width>
                <height>50</height>
                <textcolor>ff000000</textcolor>
		        <shadowcolor>ff5da31a</shadowcolor>
                <font>size28B</font>
                <aligny>center</aligny>
                <visible>!Control.IsVisible(4200)</visible>
            </control>
            <control type="image" id="4024">
                <description>Channel logo</description>
                <posx>515</posx>
                <posy>517</posy>
                <width>122</width>
                <height>61</height>
                <aspectratio>keep</aspectratio>
                <fadetime>25</fadetime>
                <visible>!Control.IsVisible(4200)</visible>
            </control>
            <control type="label" id="4021">
                <description>Program time</description>
                <posx>850</posx>
                <posy>520</posy>
                <width>240</width>
                <height>50</height>
                <textcolor>ffffffff</textcolor>
                <font>size28B</font>
                <align>right</align>
                <aligny>center</aligny>
                <visible>!Control.IsVisible(4200)</visible>
            </control>
            <control type="textbox" id="4022">
                <description>Program description</description>
                <posx>35</posx>
                <posy>580</posy>
                <width>815</width>
                <height>120</height>
                <textcolor>ff000000</textcolor>
		        <shadowcolor>ffcccccc</shadowcolor>
                <font>font13</font>
                <wrapmultiline>true</wrapmultiline>
                <autoscroll time="3600" delay="6000" repeat="6000">true</autoscroll>
                <visible>!Control.IsVisible(4200)</visible>
            </control>

            <control type="image" id="4023">
                <description>Program logo / Source logo</description>
                <posx>970</posx>
                <posy>505</posy>
                <width>240</width>
                <height>240</height>
                <aspectratio>keep</aspectratio>
                <fadetime>500</fadetime>
                <visible>!Control.IsVisible(4200)</visible>
            </control>

            <control type="image" id="4025">
                <description>Program Image</description>
                <posx>918</posx>
                <posy>445</posy>
                <width>340</width>
                <height>340</height>
                <aspectratio>keep</aspectratio>
                <fadetime>500</fadetime>
                <visible>!Control.IsVisible(4200)</visible>
            </control>

            <control type="image" id="4100">
                <posx>180</posx>
                <posy>0</posy>
                <width>2</width>
                <height>515</height>
                <texture>timebar.png</texture>
            </control>


            <control type="group" id="4200">
                <posx>520</posx>
                <posy>529</posy>
                <width>335</width>
                <height>35</height>

                <control type="progress" id="4201">
                    <posx>0</posx>
                    <posy>0</posy>
                    <width>335</width>
                    <height>35</height>
                    <texturebg>lime-tvcatchup-normal-program.png</texturebg>
                    <lefttexture />
                    <midtexture>lime-tvcatchup-current-showing.png</midtexture>
                    <righttexture />
                </control>
                <control type="label">
                    <description>loading splash</description>
                    <posx>0</posx>
                    <posy>5</posy>
                    <width>335</width>
                    <height>25</height>
                    <label>$ADDON[script.tvcatchup 30001]</label>
                    <textcolor>ffffffff</textcolor>
                    <font>font30</font>
                    <align>center</align>
                    <aligny>center</aligny>
                </control>
            </control>

            <control type="label" id="4300">
                <description>visibility marker for mouse control group</description>
                <posx>0</posx>
                <posy>0</posy>
                <width>50</width>
                <height>50</height>
            </control>
            <control type="group">
                <posx>0</posx>
                <posy>720</posy>
                <width>1280</width>
                <height>70</height>
                <visible>!Control.IsVisible(4300)</visible>
                <animation effect="slide" start="0,0" end="0,-70" time="500">Visible</animation>
                <animation effect="slide" start="0,-70" end="0,0" time="500">Hidden</animation>

                <control type="image">
                    <posx>0</posx>
                    <posy>0</posy>
                    <width>1280</width>
                    <height>70</height>
                    <texture>lime-tvcatchup-glasspane.png</texture>
                </control>
                <control type="image">
                    <posx>0</posx>
                    <posy>0</posy>
                    <width>1280</width>
                    <height>70</height>
                    <texture>lime-tvcatchup-glasspane.png</texture>
                </control>

                <controlNOTUSED type="label">
                    <description>mouse control</description>
                    <posx>20</posx>
                    <posy>10</posy>
                    <width>300</width>
                    <height>50</height>
                    <label>$ADDON[script.tvcatchup 30005]</label>                    
                    <textcolor>ffffffff</textcolor>
                    <font>font13</font>
                    <aligny>center</aligny>
                </controlNOTUSED>
                <control type="label">
                    <description>Mouse-Wheel tip</description>
                    <posx>830</posx>
                    <posy>10</posy>
                    <width>400</width>
                    <height>50</height>
                    <label>$ADDON[script.tvcatchup 30007]</label>
                    <textcolor>ffffffff</textcolor>
                    <font>font13</font>
                    <aligny>center</aligny>
                </control>

                <control type="button" id="4301">
                    <description>navigate to now</description>
                    <posx>20</posx>
                    <posy>10</posy>
                    <width>100</width>
                    <height>50</height>
                    <textcolor>ffffffff</textcolor>
                    <font>font30</font>
                    <aligny>center</aligny>
                    <align>center</align>
                    <texturefocus>lime-tvcatchup-home-focus.png</texturefocus>
                    <texturenofocus>lime-tvcatchup-home.png</texturenofocus>
                </control>

                <control type="button" id="4302">
                    <description>navigate left</description>
                    <posx>160</posx>
                    <posy>10</posy>
                    <width>100</width>
                    <height>50</height>
                    <textcolor>ffffffff</textcolor>
                    <font>font30</font>
                    <aligny>center</aligny>
                    <align>center</align>
                    <texturefocus>lime-tvcatchup-arrows-left-focus.png</texturefocus>
                    <texturenofocus>lime-tvcatchup-arrows-left.png</texturenofocus>
                </control>
                <control type="button" id="4303">
                    <description>navigate up</description>
                    <posx>270</posx>
                    <posy>10</posy>
                    <width>100</width>
                    <height>50</height>
                    <textcolor>ffffffff</textcolor>
                    <font>font30</font>
                    <aligny>center</aligny>
                    <align>center</align>
                    <texturefocus>lime-tvcatchup-arrows-up-focus.png</texturefocus>
                    <texturenofocus>lime-tvcatchup-arrows-up.png</texturenofocus>
                </control>
                <control type="button" id="4304">
                    <description>navigate down</description>
                    <posx>380</posx>
                    <posy>10</posy>
                    <width>100</width>
                    <height>50</height>
                    <textcolor>ffffffff</textcolor>
                    <font>font30</font>
                    <aligny>center</aligny>
                    <align>center</align>
                    <texturefocus>lime-tvcatchup-arrows-down-focus.png</texturefocus>
                    <texturenofocus>lime-tvcatchup-arrows-down.png</texturenofocus>
                </control>
                <control type="button" id="4305">
                    <description>navigate right</description>
                    <posx>490</posx>
                    <posy>10</posy>
                    <width>100</width>
                    <height>50</height>
                    <textcolor>ffffffff</textcolor>
                    <font>font30</font>
                    <aligny>center</aligny>
                    <align>center</align>
                    <texturefocus>lime-tvcatchup-arrows-right-focus.png</texturefocus>
                    <texturenofocus>lime-tvcatchup-arrows-right.png</texturenofocus>
                </control>
                
                <control type="button" id="4307">
                    <description>zoom in</description>
                    <posx>610</posx>
                    <posy>10</posy>
                    <width>100</width>
                    <height>50</height>
                    <textcolor>ffffffff</textcolor>
                    <font>font30</font>
                    <aligny>center</aligny>
                    <align>center</align>
                    <texturefocus>lime-tvcatchup-plus-focus.png</texturefocus>
                    <texturenofocus>lime-tvcatchup-plus.png</texturenofocus>
                </control>
                <control type="button" id="4308">
                    <description>zoom out</description>
                    <posx>720</posx>
                    <posy>10</posy>
                    <width>100</width>
                    <height>50</height>
                    <textcolor>ffffffff</textcolor>
                    <font>font30</font>
                    <aligny>center</aligny>
                    <align>center</align>
                    <texturefocus>lime-tvcatchup-minus-focus.png</texturefocus>
                    <texturenofocus>lime-tvcatchup-minus.png</texturenofocus>
                </control>

                <control type="button" id="4306">
                    <description>exit</description>
                    <posx>1190</posx>
                    <posy>10</posy>
                    <width>70</width>
                    <height>50</height>
                    <textcolor>ffffffff</textcolor>
                    <font>font30</font>
                    <aligny>center</aligny>
                    <align>center</align>
                    <texturefocus>lime-tvcatchup-standby-focus.png</texturefocus>
                    <texturenofocus>lime-tvcatchup-standby.png</texturenofocus>
                </control>

            </control>
        </control><!-- id="5000" -->

        <control type="videowindow">
            <posx>0</posx>
            <posy>0</posy>
            <width>1280</width>
            <height>720</height>
            <animation type="Conditional" condition="!Control.IsVisible(5000)">
                <effect type="zoom" end="27" center="1260,710" time="0" />
            </animation>
        </control>

	</controls>
</window>
