<?xml version="1.0" encoding="utf-8"?>
<window type="dialog">
	<allowoverlay>no</allowoverlay>
	<defaultcontrol always="false">6001</defaultcontrol>
	<coordinates>
		<system>1</system>
		<posx>200</posx>
		<posy>0</posy>
	</coordinates>
    <animation effect="slide" start="1080,0" end="0,0" time="250">WindowOpen</animation>
    <animation effect="slide" start="0,0" end="1080,0" time="250">WindowClose</animation>
    <controls>


        <control type="image">
            <posx>0</posx>
            <posy>50</posy>
            <width>880</width>
            <height>620</height>
            <texture>lime-tvcatchup-help.png</texture>
        </control>

        <control type="label" id="6002">
            <description>Title Label</description>
            <posx>0</posx>
            <posy>60</posy>
            <width>880</width>
            <height>24</height>
            <textcolor>ff000000</textcolor>
            <font>font13</font>
            <align>center</align>
            <aligny>center</aligny>
            <label>Help and Instructions</label>
        </control>

        <control type="textbox" id="6003">
            <description>Help Text Keys</description>
            <posx>10</posx>
            <posy>100</posy>
            <width>200</width>
            <height>500</height>
            <textcolor>ff000000</textcolor>
            <font>font13</font>
            <wrapmultiline>true</wrapmultiline>
            <autoscroll time="3600" delay="6000" repeat="6000">true</autoscroll>        
        </control>

        <control type="textbox" id="6004">
            <description>Help Text Action </description>
            <posx>218</posx>
            <posy>100</posy>
            <width>660</width>
            <height>500</height>
            <textcolor>ff000000</textcolor>
            <font>font13</font>
            <wrapmultiline>true</wrapmultiline>
            <autoscroll time="3600" delay="6000" repeat="6000">true</autoscroll>        
        </control>

        <control type="button" id="6001">
            <posx>320</posx>
            <posy>610</posy>
            <width>240</width>
            <height>50</height>
            <texturefocus>lime-tvcatchup-normal-program-focus.png</texturefocus>
            <texturenofocus>lime-tvcatchup-normal-program.png</texturenofocus>
            <onup>6001</onup>
            <ondown>6001</ondown>
            <align>center</align>
            <aligny>center</aligny>
            <font>font13</font>
            <textcolor>ffffffff</textcolor>
            <label>Close</label>
        </control>

    </controls>
</window>
