<?xml version="1.0" encoding="utf-8"?>
<window type="dialog">
	<allowoverlay>no</allowoverlay>
	<defaultcontrol always="false">4301</defaultcontrol>
	<coordinates>
		<system>1</system>
		<posx>1000</posx>
		<posy>0</posy>
	</coordinates>
    <animation effect="slide" start="280,0" end="0,0" time="250">WindowOpen</animation>
    <animation effect="slide" start="0,0" end="280,0" time="250">WindowClose</animation>
    <controls>

        <control type="image">
            <posx>0</posx>
            <posy>0</posy>
            <width>280</width>
            <height>720</height>
            <texture>ocean-tvcatchup-glasspane.png</texture>
        </control>
        <control type="image">
            <posx>0</posx>
            <posy>0</posy>
            <width>280</width>
            <height>720</height>
            <texture>ocean-tvcatchup-glasspane.png</texture>
        </control>
        <control type="image" id="4100">
            <posx>20</posx>
            <posy>20</posy>
            <width>240</width>
            <height>80</height>
            <aspectratio>keep</aspectratio>
        </control>
        <control type="label" id="4101">
            <posx>20</posx>
            <posy>320</posy>
            <width>240</width>
            <height>50</height>
            <align>center</align>
            <aligny>center</aligny>
            <font>font13</font>
            <textcolor>ffffffff</textcolor>
        </control>
        <control type="label" id="4102">
            <posx>20</posx>
            <posy>100</posy>
            <width>240</width>
            <height>50</height>
            <align>center</align>
            <aligny>center</aligny>
            <font>font13</font>
            <textcolor>ffffffff</textcolor>
        </control>


        <control type="button" id="4301">
            <posx>20</posx>
            <posy>200</posy>
            <width>240</width>
            <height>50</height>
            <texturefocus>ocean-tvcatchup-normal-program-focus.png</texturefocus>
            <texturenofocus>ocean-tvcatchup-normal-program.png</texturenofocus>
            <onup>4310</onup>
            <ondown>4302</ondown>
            <align>center</align>
            <aligny>center</aligny>
            <font>font13</font>
            <textcolor>ffffffff</textcolor>
		 <label>Find Within Title</label>
        </control>
        <control type="button" id="4302">
            <posx>20</posx>
            <posy>260</posy>
            <width>240</width>
            <height>50</height>
            <texturefocus>ocean-tvcatchup-normal-program-focus.png</texturefocus>
            <texturenofocus>ocean-tvcatchup-normal-program.png</texturenofocus>
            <onup>4301</onup>
            <ondown>4303</ondown>
            <align>center</align>
            <aligny>center</aligny>
            <font>font13</font>
            <textcolor>ffffffff</textcolor>
            <label>What's On Now</label>
        </control>
        <control type="button" id="4303">
            <posx>20</posx>
            <posy>320</posy>
            <width>240</width>
            <height>50</height>
            <texturefocus>ocean-tvcatchup-normal-program-focus.png</texturefocus>
            <texturenofocus>ocean-tvcatchup-normal-program.png</texturenofocus>
            <onup>4302</onup>
            <ondown>4304</ondown>
            <align>center</align>
            <aligny>center</aligny>
            <font>font13</font>
            <textcolor>ffffffff</textcolor>
		 <label>Find All Films</label>
        </control>
        <control type="button" id="4304">
            <posx>20</posx>
            <posy>380</posy>
            <width>240</width>
            <height>50</height>
            <texturefocus>ocean-tvcatchup-normal-program-focus.png</texturefocus>
            <texturenofocus>ocean-tvcatchup-normal-program.png</texturenofocus>
            <onup>4303</onup>
            <ondown>4305</ondown>
            <align>center</align>
            <aligny>center</aligny>
            <font>font13</font>
            <textcolor>ffffffff</textcolor>
		 <label>Show all Repeats</label>
        </control>
        <control type="button" id="4305">
            <posx>20</posx>
            <posy>440</posy>
            <width>240</width>
            <height>50</height>
            <texturefocus>ocean-tvcatchup-normal-program-focus.png</texturefocus>
            <texturenofocus>ocean-tvcatchup-normal-program.png</texturenofocus>
            <onup>4304</onup>
            <ondown>4310</ondown>
            <align>center</align>
            <aligny>center</aligny>
            <font>font13</font>
            <textcolor>ffffffff</textcolor>
		 <label>Show Similar</label>
        </control>

        <control type="button" id="4310">
            <posx>20</posx>
            <posy>650</posy>
            <width>240</width>
            <height>50</height>
            <texturefocus>ocean-tvcatchup-normal-program-focus.png</texturefocus>
            <texturenofocus>ocean-tvcatchup-normal-program.png</texturenofocus>
            <onup>4305</onup>
            <ondown>4301</ondown>
            <align>center</align>
            <aligny>center</aligny>
            <font>font13</font>
            <textcolor>ffffffff</textcolor>
            <label>Cancel</label>
        </control>

    </controls>
</window>
