<?xml version="1.0" encoding="utf-8"?>
<window type="dialog">
	<allowoverlay>no</allowoverlay>
	<defaultcontrol always="false">4002</defaultcontrol>
	<coordinates>
		<system>1</system>
		 <posx>15</posx>
                 <posy>650</posy>
                 <width>98</width>
                 <height>56</height>
	</coordinates>
    <animation effect="fade" start="0" end="100" time="150">WindowOpen</animation>
    <animation effect="fade" start="100" end="0" time="150">WindowClose</animation>
    <controls>   
        <control type="image">
            <posx>0</posx>
            <posy>0</posy>
            <width>56</width>
            <height>56</height>
            <texture border="20,20,20,20">ocean-tvcatchup-channel.png</texture>
        </control>       
          
                             
        <control type="label" id="6000">
            <description>Channel</description>
            <posx>0</posx>
            <posy>0</posy>
            <width>56</width>
            <height>56</height>
            <textcolor>ffffffff</textcolor>
            <font>font13</font>
            <aligny>center</aligny> 
            <align>center</align> 
        </control>
       
        <control type="image">
            <posx>60</posx>
            <posy>0</posy>
            <width>170</width>
            <height>56</height>
            <texture border="20,20,20,20">ocean-tvcatchup-channel.png</texture>
        </control> 

        <control type="label" id="6001">
            <description>Channel Name</description>
            <posx>60</posx>
            <posy>0</posy>
            <width>170</width>
            <height>56</height>
            <textcolor>ffffffff</textcolor>
            <font>font13</font>
            <aligny>center</aligny> 
            <align>center</align> 
        </control>

        <control type="image" id="6002">
            <description>Logo</description>
            <posx>60</posx>
            <posy>-2</posy>
            <width>180</width>
            <height>64</height>
            <aspectratio1>keep</aspectratio1>
            <align>left</align> 
        </control>
    </controls>
</window>
