<?xml version="1.0" encoding="utf-8"?>
<window type="dialog">
	<allowoverlay>no</allowoverlay>
	<defaultcontrol always="false">4002</defaultcontrol>
	<coordinates>
		<system>1</system>
		 <posx>50</posx>
                 <posy>500</posy>
                 <width>1180</width>
                 <height>206</height>
	</coordinates>
    <animation effect="fade" start="0" end="100" time="150">WindowOpen</animation>
    <animation effect="fade" start="100" end="0" time="150">WindowClose</animation>
    <controls>
        <control type="image">
            <posx>5</posx>
            <posy>5</posy>
            <width>1070</width>
            <height>196</height>
            <texture>ocean-tvcatchup-glasspane.png</texture>
        </control>       
	  <control type="image">
            <posx>0</posx>
            <posy>0</posy>
            <width>1180</width>
            <height>206</height>
            <texture>ocean-tvcatchup-osd.png</texture>
        </control>   

        <control type="image" id="5006">
            <description>Source logo</description>
            <posx>1025</posx>
            <posy>70</posy>
            <width>130</width>
            <height>130</height>
            <colordiffuse>66AAAAFF</colordiffuse>
            <aspectratio>keep</aspectratio>
        </control>
            
        <control type="label" id="5000">
            <description>Program title</description>
            <posx>30</posx>
            <posy>-1</posy>
            <width>705</width>
            <height>50</height>
            <textcolor>ffffffff</textcolor>
            <font>font13</font>
            <aligny>center</aligny>            
        </control>

        <control type="textbox" id="5001">
            <description>Program description</description>
            <posx>280</posx>
            <posy>55</posy>
            <width>830</width>
            <height>135</height>
            <textcolor>ffffffff</textcolor>
            <font>font13</font>
            <wrapmultiline>true</wrapmultiline>
            <autoscroll time="3600" delay="6000" repeat="6000">true</autoscroll>        
        </control>

        <control type="label" id="5002">
            <description>Program time</description>
            <posx>37</posx>
            <posy>127</posy>
            <width>170</width>
            <height>50</height>
            <textcolor>ffffffff</textcolor>
            <font>font13</font>
            <align>center</align>
            <aligny>center</aligny>
        </control>

        <control type="label" id="5003">
            <description>Program Now Showing</description>
            <posx>900</posx>
            <posy>-1</posy>
            <width>240</width>
            <height>50</height>
            <textcolor>ffffffff</textcolor>
            <font>font13</font>
            <align>right</align>
            <aligny>center</aligny>
        </control>

        <control type="image" id="5004">
            <description>Channel logo</description>
            <posx>30</posx>
            <posy>50</posy>
            <width>200</width>
            <height>100</height>
            <aspectratio>keep</aspectratio>
            <fadetime>150</fadetime>
        </control>
        <control type="image" id="9004">
            <description>Navigate Time</description>
            <posx>18</posx>
            <posy>170</posy>
            <width>48</width>
            <height>24</height>
            <texture>ocean-tvcatchup-arrows-leftright.png</texture>
        </control>
        <control type="image" id="9005">
            <description>Navigate Channel</description>
            <posx>118</posx>
            <posy>170</posy>
            <width>48</width>
            <height>24</height>
            <texture>ocean-tvcatchup-arrows-updown.png</texture>
        </control>
        <control type="label" id="9006">
            <description>Time Label</description>
            <posx>65</posx>
            <posy>168</posy>
            <width>100</width>
            <height>24</height>
            <textcolor>ffffffff</textcolor>
            <font>font13</font>
            <align>left</align>
            <aligny>center</aligny>
            <label>Time</label>
        </control>
        <control type="label" id="9006">
            <description>Channel Label</description>
            <posx>163</posx>
            <posy>168</posy>
            <width>100</width>
            <height>24</height>
            <textcolor>ffffffff</textcolor>
            <font>font13</font>
            <align>left</align>
            <aligny>center</aligny>
            <label>Channel</label>
        </control>

        <control type="label" id="5005">
            <description>Current Time</description>
            <posx>1150</posx>
            <posy>-1</posy>
            <width>300</width>
            <height>50</height>
            <textcolor>ffffffff</textcolor>
            <font>font13</font>
            <align>right</align>
            <aligny>center</aligny>
        </control>

        <control type="image" id="5007">
            <description>Reminder Icon</description>
            <posx>920</posx>
            <posy>8</posy>
            <width>32</width>
            <height>32</height>
            <aspectratio>keep</aspectratio>
            <fadetime>150</fadetime>
        </control>
    </controls>
</window>
