<?xml version="1.0" encoding="utf-8"?>
<window type="dialog">
	<allowoverlay>no</allowoverlay>
	<defaultcontrol always="false">4002</defaultcontrol>
	<coordinates>
		<system>1</system>
		 <posx>5</posx>
                 <posy>514</posy>
                 <width>1270</width>
                 <height>206</height>
	</coordinates>
    <animation effect="slide" start="0,0" end="0,206" time="250">WindowClose</animation>
    <animation effect="slide" start="0,206" end="0,0" time="250">WindowOpen</animation>
    <controls>       
	  <control type="image">
            <posx>0</posx>
            <posy>0</posy>
            <width>1270</width>
            <height>206</height>
            <texture>tvc-tvcatchup-osd.png</texture>
        </control>       
        <control type="label" id="5000">
            <description>Program title</description>
            <posx>30</posx>
            <posy>-1</posy>
            <width>605</width>
            <height>50</height>
            <textcolor>ffffffff</textcolor>
            <font>font13</font>
            <aligny>center</aligny>            
        </control>

        <control type="textbox" id="5001">
            <description>Program description</description>
            <posx>30</posx>
            <posy>55</posy>
            <width>950</width>
            <height>144</height>
            <textcolor>ffffffff</textcolor>
            <font>font13</font>
            <wrapmultiline>true</wrapmultiline>
            <autoscroll time="3600" delay="6000" repeat="6000">true</autoscroll>        
        </control>

        <control type="label" id="5002">
            <description>Program time</description>
            <posx>600</posx>
            <posy>-1</posy>
            <width>240</width>
            <height>50</height>
            <textcolor>ffffffff</textcolor>
            <font>font13</font>
            <align>right</align>
            <aligny>center</aligny>
        </control>

        <control type="label" id="5003">
            <description>Program Now Showing</description>
            <posx>1000</posx>
            <posy>-1</posy>
            <width>240</width>
            <height>50</height>
            <textcolor>ffffffff</textcolor>
            <font>font13</font>
            <align>right</align>
            <aligny>center</aligny>
        </control>

        <control type="image" id="5004">
            <description>Channel logo</description>
            <posx>640</posx>
            <posy>3</posy>
            <width>80</width>
            <height>40</height>
            <aspectratio>keep</aspectratio>
            <fadetime>500</fadetime>
        </control>

        <control type="label" id="5005">
            <description>Current Time</description>
            <posx>1250</posx>
            <posy>-1</posy>
            <width>300</width>
            <height>50</height>
            <textcolor>ffffffff</textcolor>
            <font>font13</font>
            <align>right</align>
            <aligny>center</aligny>
        </control>

        <control type="image" id="5006">
            <description>Source logo</description>
            <posx>1050</posx>
            <posy>45</posy>
            <width>180</width>
            <height>180</height>
            <aspectratio>keep</aspectratio>
        </control>

        <control type="image" id="5007">
            <description>Reminder Icon</description>
            <posx>755</posx>
            <posy>6</posy>
            <width>32</width>
            <height>32</height>
            <aspectratio>keep</aspectratio>
            <fadetime>300</fadetime>
        </control>
    </controls>
</window>
