<?xml version="1.0" encoding="utf-8"?>
<window type="dialog">
	<allowoverlay>no</allowoverlay>
	<defaultcontrol always="false">4002</defaultcontrol>
	<coordinates>
		<system>1</system>
		<posx>1000</posx>
		<posy>0</posy>
	</coordinates>
    <animation effect="slide" start="280,0" end="0,0" time="250">WindowOpen</animation>
    <animation effect="slide" start="0,0" end="280,0" time="250">WindowClose</animation>
    <controls>

        <control type="image">
            <posx>0</posx>
            <posy>0</posy>
            <width>280</width>
            <height>720</height>
            <texture>red-tvcatchup-glasspane.png</texture>
        </control>
        <control type="image">
            <posx>0</posx>
            <posy>0</posy>
            <width>280</width>
            <height>720</height>
            <texture>red-tvcatchup-glasspane.png</texture>
        </control>

        <control type="image" id="4100">
            <posx>20</posx>
            <posy>20</posy>
            <width>240</width>
            <height>80</height>
            <aspectratio>keep</aspectratio>
        </control>
        <control type="label" id="4101">
            <posx>20</posx>
            <posy>100</posy>
            <width>240</width>
            <height>50</height>
            <align>center</align>
            <aligny>center</aligny>
            <font>font13</font>
            <textcolor>ffffffff</textcolor>
        </control>
        <control type="label" id="4102">
            <posx>20</posx>
            <posy>100</posy>
            <width>240</width>
            <height>50</height>
            <align>center</align>
            <aligny>center</aligny>
            <font>font13</font>
            <textcolor>ffffffff</textcolor>
		 <scroll>true</scroll>         
            <scrollspeed>30</scrollspeed>         
        </control>

        <control type="button" id="4002">
            <posx>20</posx>
            <posy>160</posy>
            <width>240</width>
            <height>50</height>
            <texturefocus>red-tvcatchup-normal-program-focus.png</texturefocus>
            <texturenofocus>red-tvcatchup-normal-program.png</texturenofocus>
            <onup>4003</onup>
            <ondown>4001</ondown>
            <align>center</align>
            <aligny>center</aligny>
            <font>font13</font>
            <textcolor>ffffffff</textcolor>
        </control>
        <control type="button" id="4001">
            <posx>20</posx>
            <posy>220</posy>
            <width>240</width>
            <height>50</height>
            <texturefocus>red-tvcatchup-normal-program-focus.png</texturefocus>
            <texturenofocus>red-tvcatchup-normal-program.png</texturenofocus>
            <onup>4002</onup>
            <ondown>4000</ondown>
            <align>center</align>
            <aligny>center</aligny>
            <font>font13</font>
            <textcolor>ffffffff</textcolor>
            <label>$ADDON[script.tvcatchup 30304]</label>
        </control>
        <control type="button" id="4000">
            <posx>20</posx>
            <posy>310</posy>
            <width>240</width>
            <height>50</height>
            <texturefocus>red-tvcatchup-normal-program-focus.png</texturefocus>
            <texturenofocus>red-tvcatchup-normal-program.png</texturenofocus>
            <onup>4001</onup>
            <ondown>4015</ondown>
            <align>center</align>
            <aligny>center</aligny>
            <font>font13</font>
            <textcolor>ffffffff</textcolor>
        </control>
        <control type="button" id="4015">
            <posx>20</posx>
            <posy>370</posy>
            <width>240</width>
            <height>50</height>
            <texturefocus>red-tvcatchup-normal-program-focus.png</texturefocus>
            <texturenofocus>red-tvcatchup-normal-program.png</texturenofocus>
            <onup>4000</onup>
            <ondown>4013</ondown>
            <align>center</align>
            <aligny>center</aligny>
            <font>font13</font>
            <textcolor>ffffffff</textcolor>
            <label>Add To Favourites</label>
        </control>
        <control type="button" id="4013">
            <posx>20</posx>
            <posy>470</posy>
            <width>240</width>
            <height>50</height>
            <texturefocus>red-tvcatchup-normal-program-focus.png</texturefocus>
            <texturenofocus>red-tvcatchup-normal-program.png</texturenofocus>
            <onup>4015</onup>
            <ondown>4014</ondown>
            <align>center</align>
            <aligny>center</aligny>
            <font>font13</font>
            <textcolor>ffffffff</textcolor>
            <label>Search</label>
        </control>
        <control type="button" id="4014">
            <posx>20</posx>
            <posy>530</posy>
            <width>240</width>
            <height>50</height>
            <texturefocus>red-tvcatchup-normal-program-focus.png</texturefocus>
            <texturenofocus>red-tvcatchup-normal-program.png</texturenofocus>
            <onup>4013</onup>
            <ondown>4012</ondown>
            <align>center</align>
            <aligny>center</aligny>
            <font>font13</font>
            <textcolor>ffffffff</textcolor>
            <label>Additional Info</label>
        </control>
        <control type="button" id="4012">
            <posx>20</posx>
            <posy>590</posy>
            <width>240</width>
            <height>50</height>
            <texturefocus>red-tvcatchup-normal-program-focus.png</texturefocus>
            <texturenofocus>red-tvcatchup-normal-program.png</texturenofocus>
            <onup>4014</onup>
            <ondown>4003</ondown>
            <align>center</align>
            <aligny>center</aligny>
            <font>font13</font>
            <textcolor>ffffffff</textcolor>
            <label>$ADDON[script.tvcatchup 30505]</label>
        </control>
        <control type="button" id="4003">
            <posx>20</posx>
            <posy>650</posy>
            <width>240</width>
            <height>50</height>
            <texturefocus>red-tvcatchup-normal-program-focus.png</texturefocus>
            <texturenofocus>red-tvcatchup-normal-program.png</texturenofocus>
            <onup>4012</onup>
            <ondown>4002</ondown>
            <align>center</align>
            <aligny>center</aligny>
            <font>font13</font>
            <textcolor>ffffffff</textcolor>
            <label>$ADDON[script.tvcatchup 30303]</label>
        </control>

    </controls>
</window>
