<?xml version="1.0" encoding="UTF-8" standalone="yes"?>
<addon id="service.subtitles.subtitle"
       name="Subtitle.co.il"
       version="4.3.0"
       provider-name="CaTz">
    <requires>
        <import addon="xbmc.python" version="2.14.0"/>
        <import addon="script.common.plugin.cache" version="0.9.1"/>
    </requires>
    <extension point="xbmc.subtitle.module" library="service.py"/>
    <extension point="xbmc.addon.metadata">
        <summary lang="en">Subtitle.co.il</summary>
        <description lang="en">Search and Download subtitles from subtitle.co.il. Contributors: rabak, Ori Varon,
            sagiben
        </description>
        <source>https://github.com/XBMCil/service.subtitles.subtitle</source>
        <language></language>
        <email></email>
        <forum></forum>
        <website></website>
        <license>GNU GENERAL PUBLIC LICENSE. Version 2, June 1991</license>
    </extension>
</addon>
